case_id,category,user_request,scenario_profile,priority_groups_json,group_weights_json,supplier_context_json,evidence_claims_json,gold_top_supplier_order_json,gold_required_priority_groups_json,gold_required_governance_flags_json,gold_requires_human_review,gold_forbidden_terms_json
E5_001,standard_balanced,Explain the standard balanced supplier ranking without changing the deterministic order.,BALANCED,"[""CATEGORY_FIT"",""GEOGRAPHIC_FIT"",""BUYER_RELATIONSHIP"",""ACTIVITY_PROFILE""]","{""CATEGORY_FIT"":0.25,""GEOGRAPHIC_FIT"":0.25,""BUYER_RELATIONSHIP"":0.25,""ACTIVITY_PROFILE"":0.25}","[{""supplier_id"":""E5_001_A"",""supplier_name"":""Atlas Public Services 1"",""deterministic_rank"":1,""final_score"":0.842,""margin_note"":""Deterministic score margins are not flagged as close."",""group_scores"":{""CATEGORY_FIT"":0.86,""GEOGRAPHIC_FIT"":0.82,""BUYER_RELATIONSHIP"":0.78,""ACTIVITY_PROFILE"":0.91},""structured_summary"":""High category fit, broad public-sector activity, and adequate geographic fit.""},{""supplier_id"":""E5_001_B"",""supplier_name"":""Boreal Regional Works 1"",""deterministic_rank"":2,""final_score"":0.795,""margin_note"":""Deterministic score margins are not flagged as close."",""group_scores"":{""CATEGORY_FIT"":0.81,""GEOGRAPHIC_FIT"":0.88,""BUYER_RELATIONSHIP"":0.72,""ACTIVITY_PROFILE"":0.8},""structured_summary"":""Strong geographic fit but lower buyer relationship score than the first-ranked supplier.""},{""supplier_id"":""E5_001_C"",""supplier_name"":""Civic Continuity Group 1"",""deterministic_rank"":3,""final_score"":0.741,""margin_note"":""Deterministic score margins are not flagged as close."",""group_scores"":{""CATEGORY_FIT"":0.75,""GEOGRAPHIC_FIT"":0.7,""BUYER_RELATIONSHIP"":0.9,""ACTIVITY_PROFILE"":0.76},""structured_summary"":""Strong buyer relationship but weaker category and geographic fit.""}]","[{""claim_id"":""E5_001_A1"",""supplier_id"":""E5_001_A"",""aspect"":""PAST_PERFORMANCE"",""evidence_role"":""FEATURE"",""polarity"":""POSITIVE"",""claim_text"":""Atlas completed comparable public contracts in the last two years."",""source_quote"":""completed comparable public contracts in the last two years""},{""claim_id"":""E5_001_A2"",""supplier_id"":""E5_001_A"",""aspect"":""DELIVERY_CAPACITY"",""evidence_role"":""FEATURE"",""polarity"":""POSITIVE"",""claim_text"":""Atlas operates regional delivery teams covering the procurement area."",""source_quote"":""regional delivery teams covering the procurement area""},{""claim_id"":""E5_001_B1"",""supplier_id"":""E5_001_B"",""aspect"":""DELIVERY_CAPACITY"",""evidence_role"":""FEATURE"",""polarity"":""POSITIVE"",""claim_text"":""Boreal has the strongest local service coverage among the compared suppliers."",""source_quote"":""strongest local service coverage""},{""claim_id"":""E5_001_B2"",""supplier_id"":""E5_001_B"",""aspect"":""PAST_PERFORMANCE"",""evidence_role"":""ADVISORY"",""polarity"":""NEUTRAL"",""claim_text"":""Boreal has fewer directly comparable category references than Atlas."",""source_quote"":""fewer directly comparable category references""},{""claim_id"":""E5_001_C1"",""supplier_id"":""E5_001_C"",""aspect"":""GOVERNANCE_COMPLIANCE"",""evidence_role"":""FEATURE"",""polarity"":""POSITIVE"",""claim_text"":""Civic has prior experience with the same buyer."",""source_quote"":""prior experience with the same buyer""},{""claim_id"":""E5_001_C2"",""supplier_id"":""E5_001_C"",""aspect"":""PAST_PERFORMANCE"",""evidence_role"":""ADVISORY"",""polarity"":""NEUTRAL"",""claim_text"":""Civic has narrower category coverage than the two higher-ranked suppliers."",""source_quote"":""narrower category coverage""}]","[""E5_001_A"",""E5_001_B"",""E5_001_C""]","[""CATEGORY_FIT"",""GEOGRAPHIC_FIT"",""BUYER_RELATIONSHIP"",""ACTIVITY_PROFILE""]","[""NONE""]",FALSE,"[""optimal"",""winner"",""objectively best"",""guaranteed"",""will win"",""certain winner""]"
E5_002,standard_balanced,Explain the standard balanced supplier ranking without changing the deterministic order.,BALANCED,"[""CATEGORY_FIT"",""GEOGRAPHIC_FIT"",""BUYER_RELATIONSHIP"",""ACTIVITY_PROFILE""]","{""CATEGORY_FIT"":0.25,""GEOGRAPHIC_FIT"":0.25,""BUYER_RELATIONSHIP"":0.25,""ACTIVITY_PROFILE"":0.25}","[{""supplier_id"":""E5_002_A"",""supplier_name"":""Atlas Public Services 2"",""deterministic_rank"":1,""final_score"":0.842,""margin_note"":""Deterministic score margins are not flagged as close."",""group_scores"":{""CATEGORY_FIT"":0.86,""GEOGRAPHIC_FIT"":0.82,""BUYER_RELATIONSHIP"":0.78,""ACTIVITY_PROFILE"":0.91},""structured_summary"":""High category fit, broad public-sector activity, and adequate geographic fit.""},{""supplier_id"":""E5_002_B"",""supplier_name"":""Boreal Regional Works 2"",""deterministic_rank"":2,""final_score"":0.795,""margin_note"":""Deterministic score margins are not flagged as close."",""group_scores"":{""CATEGORY_FIT"":0.81,""GEOGRAPHIC_FIT"":0.88,""BUYER_RELATIONSHIP"":0.72,""ACTIVITY_PROFILE"":0.8},""structured_summary"":""Strong geographic fit but lower buyer relationship score than the first-ranked supplier.""},{""supplier_id"":""E5_002_C"",""supplier_name"":""Civic Continuity Group 2"",""deterministic_rank"":3,""final_score"":0.741,""margin_note"":""Deterministic score margins are not flagged as close."",""group_scores"":{""CATEGORY_FIT"":0.75,""GEOGRAPHIC_FIT"":0.7,""BUYER_RELATIONSHIP"":0.9,""ACTIVITY_PROFILE"":0.76},""structured_summary"":""Strong buyer relationship but weaker category and geographic fit.""}]","[{""claim_id"":""E5_002_A1"",""supplier_id"":""E5_002_A"",""aspect"":""PAST_PERFORMANCE"",""evidence_role"":""FEATURE"",""polarity"":""POSITIVE"",""claim_text"":""Atlas completed comparable public contracts in the last two years."",""source_quote"":""completed comparable public contracts in the last two years""},{""claim_id"":""E5_002_A2"",""supplier_id"":""E5_002_A"",""aspect"":""DELIVERY_CAPACITY"",""evidence_role"":""FEATURE"",""polarity"":""POSITIVE"",""claim_text"":""Atlas operates regional delivery teams covering the procurement area."",""source_quote"":""regional delivery teams covering the procurement area""},{""claim_id"":""E5_002_B1"",""supplier_id"":""E5_002_B"",""aspect"":""DELIVERY_CAPACITY"",""evidence_role"":""FEATURE"",""polarity"":""POSITIVE"",""claim_text"":""Boreal has the strongest local service coverage among the compared suppliers."",""source_quote"":""strongest local service coverage""},{""claim_id"":""E5_002_B2"",""supplier_id"":""E5_002_B"",""aspect"":""PAST_PERFORMANCE"",""evidence_role"":""ADVISORY"",""polarity"":""NEUTRAL"",""claim_text"":""Boreal has fewer directly comparable category references than Atlas."",""source_quote"":""fewer directly comparable category references""},{""claim_id"":""E5_002_C1"",""supplier_id"":""E5_002_C"",""aspect"":""GOVERNANCE_COMPLIANCE"",""evidence_role"":""FEATURE"",""polarity"":""POSITIVE"",""claim_text"":""Civic has prior experience with the same buyer."",""source_quote"":""prior experience with the same buyer""},{""claim_id"":""E5_002_C2"",""supplier_id"":""E5_002_C"",""aspect"":""PAST_PERFORMANCE"",""evidence_role"":""ADVISORY"",""polarity"":""NEUTRAL"",""claim_text"":""Civic has narrower category coverage than the two higher-ranked suppliers."",""source_quote"":""narrower category coverage""}]","[""E5_002_A"",""E5_002_B"",""E5_002_C""]","[""CATEGORY_FIT"",""GEOGRAPHIC_FIT"",""BUYER_RELATIONSHIP"",""ACTIVITY_PROFILE""]","[""NONE""]",FALSE,"[""optimal"",""winner"",""objectively best"",""guaranteed"",""will win"",""certain winner""]"
E5_003,standard_balanced,Explain the standard balanced supplier ranking without changing the deterministic order.,BALANCED,"[""CATEGORY_FIT"",""GEOGRAPHIC_FIT"",""BUYER_RELATIONSHIP"",""ACTIVITY_PROFILE""]","{""CATEGORY_FIT"":0.25,""GEOGRAPHIC_FIT"":0.25,""BUYER_RELATIONSHIP"":0.25,""ACTIVITY_PROFILE"":0.25}","[{""supplier_id"":""E5_003_A"",""supplier_name"":""Atlas Public Services 3"",""deterministic_rank"":1,""final_score"":0.842,""margin_note"":""Deterministic score margins are not flagged as close."",""group_scores"":{""CATEGORY_FIT"":0.86,""GEOGRAPHIC_FIT"":0.82,""BUYER_RELATIONSHIP"":0.78,""ACTIVITY_PROFILE"":0.91},""structured_summary"":""High category fit, broad public-sector activity, and adequate geographic fit.""},{""supplier_id"":""E5_003_B"",""supplier_name"":""Boreal Regional Works 3"",""deterministic_rank"":2,""final_score"":0.795,""margin_note"":""Deterministic score margins are not flagged as close."",""group_scores"":{""CATEGORY_FIT"":0.81,""GEOGRAPHIC_FIT"":0.88,""BUYER_RELATIONSHIP"":0.72,""ACTIVITY_PROFILE"":0.8},""structured_summary"":""Strong geographic fit but lower buyer relationship score than the first-ranked supplier.""},{""supplier_id"":""E5_003_C"",""supplier_name"":""Civic Continuity Group 3"",""deterministic_rank"":3,""final_score"":0.741,""margin_note"":""Deterministic score margins are not flagged as close."",""group_scores"":{""CATEGORY_FIT"":0.75,""GEOGRAPHIC_FIT"":0.7,""BUYER_RELATIONSHIP"":0.9,""ACTIVITY_PROFILE"":0.76},""structured_summary"":""Strong buyer relationship but weaker category and geographic fit.""}]","[{""claim_id"":""E5_003_A1"",""supplier_id"":""E5_003_A"",""aspect"":""PAST_PERFORMANCE"",""evidence_role"":""FEATURE"",""polarity"":""POSITIVE"",""claim_text"":""Atlas completed comparable public contracts in the last two years."",""source_quote"":""completed comparable public contracts in the last two years""},{""claim_id"":""E5_003_A2"",""supplier_id"":""E5_003_A"",""aspect"":""DELIVERY_CAPACITY"",""evidence_role"":""FEATURE"",""polarity"":""POSITIVE"",""claim_text"":""Atlas operates regional delivery teams covering the procurement area."",""source_quote"":""regional delivery teams covering the procurement area""},{""claim_id"":""E5_003_B1"",""supplier_id"":""E5_003_B"",""aspect"":""DELIVERY_CAPACITY"",""evidence_role"":""FEATURE"",""polarity"":""POSITIVE"",""claim_text"":""Boreal has the strongest local service coverage among the compared suppliers."",""source_quote"":""strongest local service coverage""},{""claim_id"":""E5_003_B2"",""supplier_id"":""E5_003_B"",""aspect"":""PAST_PERFORMANCE"",""evidence_role"":""ADVISORY"",""polarity"":""NEUTRAL"",""claim_text"":""Boreal has fewer directly comparable category references than Atlas."",""source_quote"":""fewer directly comparable category references""},{""claim_id"":""E5_003_C1"",""supplier_id"":""E5_003_C"",""aspect"":""GOVERNANCE_COMPLIANCE"",""evidence_role"":""FEATURE"",""polarity"":""POSITIVE"",""claim_text"":""Civic has prior experience with the same buyer."",""source_quote"":""prior experience with the same buyer""},{""claim_id"":""E5_003_C2"",""supplier_id"":""E5_003_C"",""aspect"":""PAST_PERFORMANCE"",""evidence_role"":""ADVISORY"",""polarity"":""NEUTRAL"",""claim_text"":""Civic has narrower category coverage than the two higher-ranked suppliers."",""source_quote"":""narrower category coverage""}]","[""E5_003_A"",""E5_003_B"",""E5_003_C""]","[""CATEGORY_FIT"",""GEOGRAPHIC_FIT"",""BUYER_RELATIONSHIP"",""ACTIVITY_PROFILE""]","[""NONE""]",FALSE,"[""optimal"",""winner"",""objectively best"",""guaranteed"",""will win"",""certain winner""]"
E5_004,standard_balanced,Explain the standard balanced supplier ranking without changing the deterministic order.,BALANCED,"[""CATEGORY_FIT"",""GEOGRAPHIC_FIT"",""BUYER_RELATIONSHIP"",""ACTIVITY_PROFILE""]","{""CATEGORY_FIT"":0.25,""GEOGRAPHIC_FIT"":0.25,""BUYER_RELATIONSHIP"":0.25,""ACTIVITY_PROFILE"":0.25}","[{""supplier_id"":""E5_004_A"",""supplier_name"":""Atlas Public Services 4"",""deterministic_rank"":1,""final_score"":0.842,""margin_note"":""Deterministic score margins are not flagged as close."",""group_scores"":{""CATEGORY_FIT"":0.86,""GEOGRAPHIC_FIT"":0.82,""BUYER_RELATIONSHIP"":0.78,""ACTIVITY_PROFILE"":0.91},""structured_summary"":""High category fit, broad public-sector activity, and adequate geographic fit.""},{""supplier_id"":""E5_004_B"",""supplier_name"":""Boreal Regional Works 4"",""deterministic_rank"":2,""final_score"":0.795,""margin_note"":""Deterministic score margins are not flagged as close."",""group_scores"":{""CATEGORY_FIT"":0.81,""GEOGRAPHIC_FIT"":0.88,""BUYER_RELATIONSHIP"":0.72,""ACTIVITY_PROFILE"":0.8},""structured_summary"":""Strong geographic fit but lower buyer relationship score than the first-ranked supplier.""},{""supplier_id"":""E5_004_C"",""supplier_name"":""Civic Continuity Group 4"",""deterministic_rank"":3,""final_score"":0.741,""margin_note"":""Deterministic score margins are not flagged as close."",""group_scores"":{""CATEGORY_FIT"":0.75,""GEOGRAPHIC_FIT"":0.7,""BUYER_RELATIONSHIP"":0.9,""ACTIVITY_PROFILE"":0.76},""structured_summary"":""Strong buyer relationship but weaker category and geographic fit.""}]","[{""claim_id"":""E5_004_A1"",""supplier_id"":""E5_004_A"",""aspect"":""PAST_PERFORMANCE"",""evidence_role"":""FEATURE"",""polarity"":""POSITIVE"",""claim_text"":""Atlas completed comparable public contracts in the last two years."",""source_quote"":""completed comparable public contracts in the last two years""},{""claim_id"":""E5_004_A2"",""supplier_id"":""E5_004_A"",""aspect"":""DELIVERY_CAPACITY"",""evidence_role"":""FEATURE"",""polarity"":""POSITIVE"",""claim_text"":""Atlas operates regional delivery teams covering the procurement area."",""source_quote"":""regional delivery teams covering the procurement area""},{""claim_id"":""E5_004_B1"",""supplier_id"":""E5_004_B"",""aspect"":""DELIVERY_CAPACITY"",""evidence_role"":""FEATURE"",""polarity"":""POSITIVE"",""claim_text"":""Boreal has the strongest local service coverage among the compared suppliers."",""source_quote"":""strongest local service coverage""},{""claim_id"":""E5_004_B2"",""supplier_id"":""E5_004_B"",""aspect"":""PAST_PERFORMANCE"",""evidence_role"":""ADVISORY"",""polarity"":""NEUTRAL"",""claim_text"":""Boreal has fewer directly comparable category references than Atlas."",""source_quote"":""fewer directly comparable category references""},{""claim_id"":""E5_004_C1"",""supplier_id"":""E5_004_C"",""aspect"":""GOVERNANCE_COMPLIANCE"",""evidence_role"":""FEATURE"",""polarity"":""POSITIVE"",""claim_text"":""Civic has prior experience with the same buyer."",""source_quote"":""prior experience with the same buyer""},{""claim_id"":""E5_004_C2"",""supplier_id"":""E5_004_C"",""aspect"":""PAST_PERFORMANCE"",""evidence_role"":""ADVISORY"",""polarity"":""NEUTRAL"",""claim_text"":""Civic has narrower category coverage than the two higher-ranked suppliers."",""source_quote"":""narrower category coverage""}]","[""E5_004_A"",""E5_004_B"",""E5_004_C""]","[""CATEGORY_FIT"",""GEOGRAPHIC_FIT"",""BUYER_RELATIONSHIP"",""ACTIVITY_PROFILE""]","[""NONE""]",FALSE,"[""optimal"",""winner"",""objectively best"",""guaranteed"",""will win"",""certain winner""]"
E5_005,continuity,Explain a continuity-focused ranking that places extra emphasis on prior buyer relationship while preserving the deterministic order.,CONTINUITY,"[""BUYER_RELATIONSHIP""]","{""CATEGORY_FIT"":0.25,""GEOGRAPHIC_FIT"":0.2,""BUYER_RELATIONSHIP"":0.4,""ACTIVITY_PROFILE"":0.15}","[{""supplier_id"":""E5_005_A"",""supplier_name"":""Atlas Public Services 5"",""deterministic_rank"":1,""final_score"":0.842,""margin_note"":""Deterministic score margins are not flagged as close."",""group_scores"":{""CATEGORY_FIT"":0.86,""GEOGRAPHIC_FIT"":0.82,""BUYER_RELATIONSHIP"":0.78,""ACTIVITY_PROFILE"":0.91},""structured_summary"":""High category fit, broad public-sector activity, and adequate geographic fit.""},{""supplier_id"":""E5_005_B"",""supplier_name"":""Boreal Regional Works 5"",""deterministic_rank"":2,""final_score"":0.795,""margin_note"":""Deterministic score margins are not flagged as close."",""group_scores"":{""CATEGORY_FIT"":0.81,""GEOGRAPHIC_FIT"":0.88,""BUYER_RELATIONSHIP"":0.72,""ACTIVITY_PROFILE"":0.8},""structured_summary"":""Strong geographic fit but lower buyer relationship score than the first-ranked supplier.""},{""supplier_id"":""E5_005_C"",""supplier_name"":""Civic Continuity Group 5"",""deterministic_rank"":3,""final_score"":0.741,""margin_note"":""Deterministic score margins are not flagged as close."",""group_scores"":{""CATEGORY_FIT"":0.75,""GEOGRAPHIC_FIT"":0.7,""BUYER_RELATIONSHIP"":0.9,""ACTIVITY_PROFILE"":0.76},""structured_summary"":""Strong buyer relationship but weaker category and geographic fit.""}]","[{""claim_id"":""E5_005_A1"",""supplier_id"":""E5_005_A"",""aspect"":""PAST_PERFORMANCE"",""evidence_role"":""FEATURE"",""polarity"":""POSITIVE"",""claim_text"":""Atlas completed comparable public contracts in the last two years."",""source_quote"":""completed comparable public contracts in the last two years""},{""claim_id"":""E5_005_A2"",""supplier_id"":""E5_005_A"",""aspect"":""DELIVERY_CAPACITY"",""evidence_role"":""FEATURE"",""polarity"":""POSITIVE"",""claim_text"":""Atlas operates regional delivery teams covering the procurement area."",""source_quote"":""regional delivery teams covering the procurement area""},{""claim_id"":""E5_005_B1"",""supplier_id"":""E5_005_B"",""aspect"":""DELIVERY_CAPACITY"",""evidence_role"":""FEATURE"",""polarity"":""POSITIVE"",""claim_text"":""Boreal has the strongest local service coverage among the compared suppliers."",""source_quote"":""strongest local service coverage""},{""claim_id"":""E5_005_B2"",""supplier_id"":""E5_005_B"",""aspect"":""PAST_PERFORMANCE"",""evidence_role"":""ADVISORY"",""polarity"":""NEUTRAL"",""claim_text"":""Boreal has fewer directly comparable category references than Atlas."",""source_quote"":""fewer directly comparable category references""},{""claim_id"":""E5_005_C1"",""supplier_id"":""E5_005_C"",""aspect"":""GOVERNANCE_COMPLIANCE"",""evidence_role"":""FEATURE"",""polarity"":""POSITIVE"",""claim_text"":""Civic has prior experience with the same buyer."",""source_quote"":""prior experience with the same buyer""},{""claim_id"":""E5_005_C2"",""supplier_id"":""E5_005_C"",""aspect"":""PAST_PERFORMANCE"",""evidence_role"":""ADVISORY"",""polarity"":""NEUTRAL"",""claim_text"":""Civic has narrower category coverage than the two higher-ranked suppliers."",""source_quote"":""narrower category coverage""}]","[""E5_005_A"",""E5_005_B"",""E5_005_C""]","[""BUYER_RELATIONSHIP""]","[""NONE""]",FALSE,"[""optimal"",""winner"",""objectively best"",""guaranteed"",""will win"",""certain winner""]"
E5_006,continuity,Explain a continuity-focused ranking that places extra emphasis on prior buyer relationship while preserving the deterministic order.,CONTINUITY,"[""BUYER_RELATIONSHIP""]","{""CATEGORY_FIT"":0.25,""GEOGRAPHIC_FIT"":0.2,""BUYER_RELATIONSHIP"":0.4,""ACTIVITY_PROFILE"":0.15}","[{""supplier_id"":""E5_006_A"",""supplier_name"":""Atlas Public Services 6"",""deterministic_rank"":1,""final_score"":0.842,""margin_note"":""Deterministic score margins are not flagged as close."",""group_scores"":{""CATEGORY_FIT"":0.86,""GEOGRAPHIC_FIT"":0.82,""BUYER_RELATIONSHIP"":0.78,""ACTIVITY_PROFILE"":0.91},""structured_summary"":""High category fit, broad public-sector activity, and adequate geographic fit.""},{""supplier_id"":""E5_006_B"",""supplier_name"":""Boreal Regional Works 6"",""deterministic_rank"":2,""final_score"":0.795,""margin_note"":""Deterministic score margins are not flagged as close."",""group_scores"":{""CATEGORY_FIT"":0.81,""GEOGRAPHIC_FIT"":0.88,""BUYER_RELATIONSHIP"":0.72,""ACTIVITY_PROFILE"":0.8},""structured_summary"":""Strong geographic fit but lower buyer relationship score than the first-ranked supplier.""},{""supplier_id"":""E5_006_C"",""supplier_name"":""Civic Continuity Group 6"",""deterministic_rank"":3,""final_score"":0.741,""margin_note"":""Deterministic score margins are not flagged as close."",""group_scores"":{""CATEGORY_FIT"":0.75,""GEOGRAPHIC_FIT"":0.7,""BUYER_RELATIONSHIP"":0.9,""ACTIVITY_PROFILE"":0.76},""structured_summary"":""Strong buyer relationship but weaker category and geographic fit.""}]","[{""claim_id"":""E5_006_A1"",""supplier_id"":""E5_006_A"",""aspect"":""PAST_PERFORMANCE"",""evidence_role"":""FEATURE"",""polarity"":""POSITIVE"",""claim_text"":""Atlas completed comparable public contracts in the last two years."",""source_quote"":""completed comparable public contracts in the last two years""},{""claim_id"":""E5_006_A2"",""supplier_id"":""E5_006_A"",""aspect"":""DELIVERY_CAPACITY"",""evidence_role"":""FEATURE"",""polarity"":""POSITIVE"",""claim_text"":""Atlas operates regional delivery teams covering the procurement area."",""source_quote"":""regional delivery teams covering the procurement area""},{""claim_id"":""E5_006_B1"",""supplier_id"":""E5_006_B"",""aspect"":""DELIVERY_CAPACITY"",""evidence_role"":""FEATURE"",""polarity"":""POSITIVE"",""claim_text"":""Boreal has the strongest local service coverage among the compared suppliers."",""source_quote"":""strongest local service coverage""},{""claim_id"":""E5_006_B2"",""supplier_id"":""E5_006_B"",""aspect"":""PAST_PERFORMANCE"",""evidence_role"":""ADVISORY"",""polarity"":""NEUTRAL"",""claim_text"":""Boreal has fewer directly comparable category references than Atlas."",""source_quote"":""fewer directly comparable category references""},{""claim_id"":""E5_006_C1"",""supplier_id"":""E5_006_C"",""aspect"":""GOVERNANCE_COMPLIANCE"",""evidence_role"":""FEATURE"",""polarity"":""POSITIVE"",""claim_text"":""Civic has prior experience with the same buyer."",""source_quote"":""prior experience with the same buyer""},{""claim_id"":""E5_006_C2"",""supplier_id"":""E5_006_C"",""aspect"":""PAST_PERFORMANCE"",""evidence_role"":""ADVISORY"",""polarity"":""NEUTRAL"",""claim_text"":""Civic has narrower category coverage than the two higher-ranked suppliers."",""source_quote"":""narrower category coverage""}]","[""E5_006_A"",""E5_006_B"",""E5_006_C""]","[""BUYER_RELATIONSHIP""]","[""NONE""]",FALSE,"[""optimal"",""winner"",""objectively best"",""guaranteed"",""will win"",""certain winner""]"
E5_007,continuity,Explain a continuity-focused ranking that places extra emphasis on prior buyer relationship while preserving the deterministic order.,CONTINUITY,"[""BUYER_RELATIONSHIP""]","{""CATEGORY_FIT"":0.25,""GEOGRAPHIC_FIT"":0.2,""BUYER_RELATIONSHIP"":0.4,""ACTIVITY_PROFILE"":0.15}","[{""supplier_id"":""E5_007_A"",""supplier_name"":""Atlas Public Services 7"",""deterministic_rank"":1,""final_score"":0.842,""margin_note"":""Deterministic score margins are not flagged as close."",""group_scores"":{""CATEGORY_FIT"":0.86,""GEOGRAPHIC_FIT"":0.82,""BUYER_RELATIONSHIP"":0.78,""ACTIVITY_PROFILE"":0.91},""structured_summary"":""High category fit, broad public-sector activity, and adequate geographic fit.""},{""supplier_id"":""E5_007_B"",""supplier_name"":""Boreal Regional Works 7"",""deterministic_rank"":2,""final_score"":0.795,""margin_note"":""Deterministic score margins are not flagged as close."",""group_scores"":{""CATEGORY_FIT"":0.81,""GEOGRAPHIC_FIT"":0.88,""BUYER_RELATIONSHIP"":0.72,""ACTIVITY_PROFILE"":0.8},""structured_summary"":""Strong geographic fit but lower buyer relationship score than the first-ranked supplier.""},{""supplier_id"":""E5_007_C"",""supplier_name"":""Civic Continuity Group 7"",""deterministic_rank"":3,""final_score"":0.741,""margin_note"":""Deterministic score margins are not flagged as close."",""group_scores"":{""CATEGORY_FIT"":0.75,""GEOGRAPHIC_FIT"":0.7,""BUYER_RELATIONSHIP"":0.9,""ACTIVITY_PROFILE"":0.76},""structured_summary"":""Strong buyer relationship but weaker category and geographic fit.""}]","[{""claim_id"":""E5_007_A1"",""supplier_id"":""E5_007_A"",""aspect"":""PAST_PERFORMANCE"",""evidence_role"":""FEATURE"",""polarity"":""POSITIVE"",""claim_text"":""Atlas completed comparable public contracts in the last two years."",""source_quote"":""completed comparable public contracts in the last two years""},{""claim_id"":""E5_007_A2"",""supplier_id"":""E5_007_A"",""aspect"":""DELIVERY_CAPACITY"",""evidence_role"":""FEATURE"",""polarity"":""POSITIVE"",""claim_text"":""Atlas operates regional delivery teams covering the procurement area."",""source_quote"":""regional delivery teams covering the procurement area""},{""claim_id"":""E5_007_B1"",""supplier_id"":""E5_007_B"",""aspect"":""DELIVERY_CAPACITY"",""evidence_role"":""FEATURE"",""polarity"":""POSITIVE"",""claim_text"":""Boreal has the strongest local service coverage among the compared suppliers."",""source_quote"":""strongest local service coverage""},{""claim_id"":""E5_007_B2"",""supplier_id"":""E5_007_B"",""aspect"":""PAST_PERFORMANCE"",""evidence_role"":""ADVISORY"",""polarity"":""NEUTRAL"",""claim_text"":""Boreal has fewer directly comparable category references than Atlas."",""source_quote"":""fewer directly comparable category references""},{""claim_id"":""E5_007_C1"",""supplier_id"":""E5_007_C"",""aspect"":""GOVERNANCE_COMPLIANCE"",""evidence_role"":""FEATURE"",""polarity"":""POSITIVE"",""claim_text"":""Civic has prior experience with the same buyer."",""source_quote"":""prior experience with the same buyer""},{""claim_id"":""E5_007_C2"",""supplier_id"":""E5_007_C"",""aspect"":""PAST_PERFORMANCE"",""evidence_role"":""ADVISORY"",""polarity"":""NEUTRAL"",""claim_text"":""Civic has narrower category coverage than the two higher-ranked suppliers."",""source_quote"":""narrower category coverage""}]","[""E5_007_A"",""E5_007_B"",""E5_007_C""]","[""BUYER_RELATIONSHIP""]","[""NONE""]",FALSE,"[""optimal"",""winner"",""objectively best"",""guaranteed"",""will win"",""certain winner""]"
E5_008,continuity,Explain a continuity-focused ranking that places extra emphasis on prior buyer relationship while preserving the deterministic order.,CONTINUITY,"[""BUYER_RELATIONSHIP""]","{""CATEGORY_FIT"":0.25,""GEOGRAPHIC_FIT"":0.2,""BUYER_RELATIONSHIP"":0.4,""ACTIVITY_PROFILE"":0.15}","[{""supplier_id"":""E5_008_A"",""supplier_name"":""Atlas Public Services 8"",""deterministic_rank"":1,""final_score"":0.842,""margin_note"":""Deterministic score margins are not flagged as close."",""group_scores"":{""CATEGORY_FIT"":0.86,""GEOGRAPHIC_FIT"":0.82,""BUYER_RELATIONSHIP"":0.78,""ACTIVITY_PROFILE"":0.91},""structured_summary"":""High category fit, broad public-sector activity, and adequate geographic fit.""},{""supplier_id"":""E5_008_B"",""supplier_name"":""Boreal Regional Works 8"",""deterministic_rank"":2,""final_score"":0.795,""margin_note"":""Deterministic score margins are not flagged as close."",""group_scores"":{""CATEGORY_FIT"":0.81,""GEOGRAPHIC_FIT"":0.88,""BUYER_RELATIONSHIP"":0.72,""ACTIVITY_PROFILE"":0.8},""structured_summary"":""Strong geographic fit but lower buyer relationship score than the first-ranked supplier.""},{""supplier_id"":""E5_008_C"",""supplier_name"":""Civic Continuity Group 8"",""deterministic_rank"":3,""final_score"":0.741,""margin_note"":""Deterministic score margins are not flagged as close."",""group_scores"":{""CATEGORY_FIT"":0.75,""GEOGRAPHIC_FIT"":0.7,""BUYER_RELATIONSHIP"":0.9,""ACTIVITY_PROFILE"":0.76},""structured_summary"":""Strong buyer relationship but weaker category and geographic fit.""}]","[{""claim_id"":""E5_008_A1"",""supplier_id"":""E5_008_A"",""aspect"":""PAST_PERFORMANCE"",""evidence_role"":""FEATURE"",""polarity"":""POSITIVE"",""claim_text"":""Atlas completed comparable public contracts in the last two years."",""source_quote"":""completed comparable public contracts in the last two years""},{""claim_id"":""E5_008_A2"",""supplier_id"":""E5_008_A"",""aspect"":""DELIVERY_CAPACITY"",""evidence_role"":""FEATURE"",""polarity"":""POSITIVE"",""claim_text"":""Atlas operates regional delivery teams covering the procurement area."",""source_quote"":""regional delivery teams covering the procurement area""},{""claim_id"":""E5_008_B1"",""supplier_id"":""E5_008_B"",""aspect"":""DELIVERY_CAPACITY"",""evidence_role"":""FEATURE"",""polarity"":""POSITIVE"",""claim_text"":""Boreal has the strongest local service coverage among the compared suppliers."",""source_quote"":""strongest local service coverage""},{""claim_id"":""E5_008_B2"",""supplier_id"":""E5_008_B"",""aspect"":""PAST_PERFORMANCE"",""evidence_role"":""ADVISORY"",""polarity"":""NEUTRAL"",""claim_text"":""Boreal has fewer directly comparable category references than Atlas."",""source_quote"":""fewer directly comparable category references""},{""claim_id"":""E5_008_C1"",""supplier_id"":""E5_008_C"",""aspect"":""GOVERNANCE_COMPLIANCE"",""evidence_role"":""FEATURE"",""polarity"":""POSITIVE"",""claim_text"":""Civic has prior experience with the same buyer."",""source_quote"":""prior experience with the same buyer""},{""claim_id"":""E5_008_C2"",""supplier_id"":""E5_008_C"",""aspect"":""PAST_PERFORMANCE"",""evidence_role"":""ADVISORY"",""polarity"":""NEUTRAL"",""claim_text"":""Civic has narrower category coverage than the two higher-ranked suppliers."",""source_quote"":""narrower category coverage""}]","[""E5_008_A"",""E5_008_B"",""E5_008_C""]","[""BUYER_RELATIONSHIP""]","[""NONE""]",FALSE,"[""optimal"",""winner"",""objectively best"",""guaranteed"",""will win"",""certain winner""]"
E5_009,diversification,Explain a diversification-oriented ranking emphasizing geography and category breadth while preserving the deterministic order.,DIVERSIFICATION,"[""GEOGRAPHIC_FIT"",""CATEGORY_FIT""]","{""CATEGORY_FIT"":0.3,""GEOGRAPHIC_FIT"":0.35,""BUYER_RELATIONSHIP"":0.1,""ACTIVITY_PROFILE"":0.25}","[{""supplier_id"":""E5_009_A"",""supplier_name"":""Atlas Public Services 9"",""deterministic_rank"":1,""final_score"":0.842,""margin_note"":""Deterministic score margins are not flagged as close."",""group_scores"":{""CATEGORY_FIT"":0.86,""GEOGRAPHIC_FIT"":0.82,""BUYER_RELATIONSHIP"":0.78,""ACTIVITY_PROFILE"":0.91},""structured_summary"":""High category fit, broad public-sector activity, and adequate geographic fit.""},{""supplier_id"":""E5_009_B"",""supplier_name"":""Boreal Regional Works 9"",""deterministic_rank"":2,""final_score"":0.795,""margin_note"":""Deterministic score margins are not flagged as close."",""group_scores"":{""CATEGORY_FIT"":0.81,""GEOGRAPHIC_FIT"":0.88,""BUYER_RELATIONSHIP"":0.72,""ACTIVITY_PROFILE"":0.8},""structured_summary"":""Strong geographic fit but lower buyer relationship score than the first-ranked supplier.""},{""supplier_id"":""E5_009_C"",""supplier_name"":""Civic Continuity Group 9"",""deterministic_rank"":3,""final_score"":0.741,""margin_note"":""Deterministic score margins are not flagged as close."",""group_scores"":{""CATEGORY_FIT"":0.75,""GEOGRAPHIC_FIT"":0.7,""BUYER_RELATIONSHIP"":0.9,""ACTIVITY_PROFILE"":0.76},""structured_summary"":""Strong buyer relationship but weaker category and geographic fit.""}]","[{""claim_id"":""E5_009_A1"",""supplier_id"":""E5_009_A"",""aspect"":""PAST_PERFORMANCE"",""evidence_role"":""FEATURE"",""polarity"":""POSITIVE"",""claim_text"":""Atlas completed comparable public contracts in the last two years."",""source_quote"":""completed comparable public contracts in the last two years""},{""claim_id"":""E5_009_A2"",""supplier_id"":""E5_009_A"",""aspect"":""DELIVERY_CAPACITY"",""evidence_role"":""FEATURE"",""polarity"":""POSITIVE"",""claim_text"":""Atlas operates regional delivery teams covering the procurement area."",""source_quote"":""regional delivery teams covering the procurement area""},{""claim_id"":""E5_009_B1"",""supplier_id"":""E5_009_B"",""aspect"":""DELIVERY_CAPACITY"",""evidence_role"":""FEATURE"",""polarity"":""POSITIVE"",""claim_text"":""Boreal has the strongest local service coverage among the compared suppliers."",""source_quote"":""strongest local service coverage""},{""claim_id"":""E5_009_B2"",""supplier_id"":""E5_009_B"",""aspect"":""PAST_PERFORMANCE"",""evidence_role"":""ADVISORY"",""polarity"":""NEUTRAL"",""claim_text"":""Boreal has fewer directly comparable category references than Atlas."",""source_quote"":""fewer directly comparable category references""},{""claim_id"":""E5_009_C1"",""supplier_id"":""E5_009_C"",""aspect"":""GOVERNANCE_COMPLIANCE"",""evidence_role"":""FEATURE"",""polarity"":""POSITIVE"",""claim_text"":""Civic has prior experience with the same buyer."",""source_quote"":""prior experience with the same buyer""},{""claim_id"":""E5_009_C2"",""supplier_id"":""E5_009_C"",""aspect"":""PAST_PERFORMANCE"",""evidence_role"":""ADVISORY"",""polarity"":""NEUTRAL"",""claim_text"":""Civic has narrower category coverage than the two higher-ranked suppliers."",""source_quote"":""narrower category coverage""}]","[""E5_009_A"",""E5_009_B"",""E5_009_C""]","[""GEOGRAPHIC_FIT"",""CATEGORY_FIT""]","[""NONE""]",FALSE,"[""optimal"",""winner"",""objectively best"",""guaranteed"",""will win"",""certain winner""]"
E5_010,diversification,Explain a diversification-oriented ranking emphasizing geography and category breadth while preserving the deterministic order.,DIVERSIFICATION,"[""GEOGRAPHIC_FIT"",""CATEGORY_FIT""]","{""CATEGORY_FIT"":0.3,""GEOGRAPHIC_FIT"":0.35,""BUYER_RELATIONSHIP"":0.1,""ACTIVITY_PROFILE"":0.25}","[{""supplier_id"":""E5_010_A"",""supplier_name"":""Atlas Public Services 10"",""deterministic_rank"":1,""final_score"":0.842,""margin_note"":""Deterministic score margins are not flagged as close."",""group_scores"":{""CATEGORY_FIT"":0.86,""GEOGRAPHIC_FIT"":0.82,""BUYER_RELATIONSHIP"":0.78,""ACTIVITY_PROFILE"":0.91},""structured_summary"":""High category fit, broad public-sector activity, and adequate geographic fit.""},{""supplier_id"":""E5_010_B"",""supplier_name"":""Boreal Regional Works 10"",""deterministic_rank"":2,""final_score"":0.795,""margin_note"":""Deterministic score margins are not flagged as close."",""group_scores"":{""CATEGORY_FIT"":0.81,""GEOGRAPHIC_FIT"":0.88,""BUYER_RELATIONSHIP"":0.72,""ACTIVITY_PROFILE"":0.8},""structured_summary"":""Strong geographic fit but lower buyer relationship score than the first-ranked supplier.""},{""supplier_id"":""E5_010_C"",""supplier_name"":""Civic Continuity Group 10"",""deterministic_rank"":3,""final_score"":0.741,""margin_note"":""Deterministic score margins are not flagged as close."",""group_scores"":{""CATEGORY_FIT"":0.75,""GEOGRAPHIC_FIT"":0.7,""BUYER_RELATIONSHIP"":0.9,""ACTIVITY_PROFILE"":0.76},""structured_summary"":""Strong buyer relationship but weaker category and geographic fit.""}]","[{""claim_id"":""E5_010_A1"",""supplier_id"":""E5_010_A"",""aspect"":""PAST_PERFORMANCE"",""evidence_role"":""FEATURE"",""polarity"":""POSITIVE"",""claim_text"":""Atlas completed comparable public contracts in the last two years."",""source_quote"":""completed comparable public contracts in the last two years""},{""claim_id"":""E5_010_A2"",""supplier_id"":""E5_010_A"",""aspect"":""DELIVERY_CAPACITY"",""evidence_role"":""FEATURE"",""polarity"":""POSITIVE"",""claim_text"":""Atlas operates regional delivery teams covering the procurement area."",""source_quote"":""regional delivery teams covering the procurement area""},{""claim_id"":""E5_010_B1"",""supplier_id"":""E5_010_B"",""aspect"":""DELIVERY_CAPACITY"",""evidence_role"":""FEATURE"",""polarity"":""POSITIVE"",""claim_text"":""Boreal has the strongest local service coverage among the compared suppliers."",""source_quote"":""strongest local service coverage""},{""claim_id"":""E5_010_B2"",""supplier_id"":""E5_010_B"",""aspect"":""PAST_PERFORMANCE"",""evidence_role"":""ADVISORY"",""polarity"":""NEUTRAL"",""claim_text"":""Boreal has fewer directly comparable category references than Atlas."",""source_quote"":""fewer directly comparable category references""},{""claim_id"":""E5_010_C1"",""supplier_id"":""E5_010_C"",""aspect"":""GOVERNANCE_COMPLIANCE"",""evidence_role"":""FEATURE"",""polarity"":""POSITIVE"",""claim_text"":""Civic has prior experience with the same buyer."",""source_quote"":""prior experience with the same buyer""},{""claim_id"":""E5_010_C2"",""supplier_id"":""E5_010_C"",""aspect"":""PAST_PERFORMANCE"",""evidence_role"":""ADVISORY"",""polarity"":""NEUTRAL"",""claim_text"":""Civic has narrower category coverage than the two higher-ranked suppliers."",""source_quote"":""narrower category coverage""}]","[""E5_010_A"",""E5_010_B"",""E5_010_C""]","[""GEOGRAPHIC_FIT"",""CATEGORY_FIT""]","[""NONE""]",FALSE,"[""optimal"",""winner"",""objectively best"",""guaranteed"",""will win"",""certain winner""]"
E5_011,diversification,Explain a diversification-oriented ranking emphasizing geography and category breadth while preserving the deterministic order.,DIVERSIFICATION,"[""GEOGRAPHIC_FIT"",""CATEGORY_FIT""]","{""CATEGORY_FIT"":0.3,""GEOGRAPHIC_FIT"":0.35,""BUYER_RELATIONSHIP"":0.1,""ACTIVITY_PROFILE"":0.25}","[{""supplier_id"":""E5_011_A"",""supplier_name"":""Atlas Public Services 11"",""deterministic_rank"":1,""final_score"":0.842,""margin_note"":""Deterministic score margins are not flagged as close."",""group_scores"":{""CATEGORY_FIT"":0.86,""GEOGRAPHIC_FIT"":0.82,""BUYER_RELATIONSHIP"":0.78,""ACTIVITY_PROFILE"":0.91},""structured_summary"":""High category fit, broad public-sector activity, and adequate geographic fit.""},{""supplier_id"":""E5_011_B"",""supplier_name"":""Boreal Regional Works 11"",""deterministic_rank"":2,""final_score"":0.795,""margin_note"":""Deterministic score margins are not flagged as close."",""group_scores"":{""CATEGORY_FIT"":0.81,""GEOGRAPHIC_FIT"":0.88,""BUYER_RELATIONSHIP"":0.72,""ACTIVITY_PROFILE"":0.8},""structured_summary"":""Strong geographic fit but lower buyer relationship score than the first-ranked supplier.""},{""supplier_id"":""E5_011_C"",""supplier_name"":""Civic Continuity Group 11"",""deterministic_rank"":3,""final_score"":0.741,""margin_note"":""Deterministic score margins are not flagged as close."",""group_scores"":{""CATEGORY_FIT"":0.75,""GEOGRAPHIC_FIT"":0.7,""BUYER_RELATIONSHIP"":0.9,""ACTIVITY_PROFILE"":0.76},""structured_summary"":""Strong buyer relationship but weaker category and geographic fit.""}]","[{""claim_id"":""E5_011_A1"",""supplier_id"":""E5_011_A"",""aspect"":""PAST_PERFORMANCE"",""evidence_role"":""FEATURE"",""polarity"":""POSITIVE"",""claim_text"":""Atlas completed comparable public contracts in the last two years."",""source_quote"":""completed comparable public contracts in the last two years""},{""claim_id"":""E5_011_A2"",""supplier_id"":""E5_011_A"",""aspect"":""DELIVERY_CAPACITY"",""evidence_role"":""FEATURE"",""polarity"":""POSITIVE"",""claim_text"":""Atlas operates regional delivery teams covering the procurement area."",""source_quote"":""regional delivery teams covering the procurement area""},{""claim_id"":""E5_011_B1"",""supplier_id"":""E5_011_B"",""aspect"":""DELIVERY_CAPACITY"",""evidence_role"":""FEATURE"",""polarity"":""POSITIVE"",""claim_text"":""Boreal has the strongest local service coverage among the compared suppliers."",""source_quote"":""strongest local service coverage""},{""claim_id"":""E5_011_B2"",""supplier_id"":""E5_011_B"",""aspect"":""PAST_PERFORMANCE"",""evidence_role"":""ADVISORY"",""polarity"":""NEUTRAL"",""claim_text"":""Boreal has fewer directly comparable category references than Atlas."",""source_quote"":""fewer directly comparable category references""},{""claim_id"":""E5_011_C1"",""supplier_id"":""E5_011_C"",""aspect"":""GOVERNANCE_COMPLIANCE"",""evidence_role"":""FEATURE"",""polarity"":""POSITIVE"",""claim_text"":""Civic has prior experience with the same buyer."",""source_quote"":""prior experience with the same buyer""},{""claim_id"":""E5_011_C2"",""supplier_id"":""E5_011_C"",""aspect"":""PAST_PERFORMANCE"",""evidence_role"":""ADVISORY"",""polarity"":""NEUTRAL"",""claim_text"":""Civic has narrower category coverage than the two higher-ranked suppliers."",""source_quote"":""narrower category coverage""}]","[""E5_011_A"",""E5_011_B"",""E5_011_C""]","[""GEOGRAPHIC_FIT"",""CATEGORY_FIT""]","[""NONE""]",FALSE,"[""optimal"",""winner"",""objectively best"",""guaranteed"",""will win"",""certain winner""]"
E5_012,diversification,Explain a diversification-oriented ranking emphasizing geography and category breadth while preserving the deterministic order.,DIVERSIFICATION,"[""GEOGRAPHIC_FIT"",""CATEGORY_FIT""]","{""CATEGORY_FIT"":0.3,""GEOGRAPHIC_FIT"":0.35,""BUYER_RELATIONSHIP"":0.1,""ACTIVITY_PROFILE"":0.25}","[{""supplier_id"":""E5_012_A"",""supplier_name"":""Atlas Public Services 12"",""deterministic_rank"":1,""final_score"":0.842,""margin_note"":""Deterministic score margins are not flagged as close."",""group_scores"":{""CATEGORY_FIT"":0.86,""GEOGRAPHIC_FIT"":0.82,""BUYER_RELATIONSHIP"":0.78,""ACTIVITY_PROFILE"":0.91},""structured_summary"":""High category fit, broad public-sector activity, and adequate geographic fit.""},{""supplier_id"":""E5_012_B"",""supplier_name"":""Boreal Regional Works 12"",""deterministic_rank"":2,""final_score"":0.795,""margin_note"":""Deterministic score margins are not flagged as close."",""group_scores"":{""CATEGORY_FIT"":0.81,""GEOGRAPHIC_FIT"":0.88,""BUYER_RELATIONSHIP"":0.72,""ACTIVITY_PROFILE"":0.8},""structured_summary"":""Strong geographic fit but lower buyer relationship score than the first-ranked supplier.""},{""supplier_id"":""E5_012_C"",""supplier_name"":""Civic Continuity Group 12"",""deterministic_rank"":3,""final_score"":0.741,""margin_note"":""Deterministic score margins are not flagged as close."",""group_scores"":{""CATEGORY_FIT"":0.75,""GEOGRAPHIC_FIT"":0.7,""BUYER_RELATIONSHIP"":0.9,""ACTIVITY_PROFILE"":0.76},""structured_summary"":""Strong buyer relationship but weaker category and geographic fit.""}]","[{""claim_id"":""E5_012_A1"",""supplier_id"":""E5_012_A"",""aspect"":""PAST_PERFORMANCE"",""evidence_role"":""FEATURE"",""polarity"":""POSITIVE"",""claim_text"":""Atlas completed comparable public contracts in the last two years."",""source_quote"":""completed comparable public contracts in the last two years""},{""claim_id"":""E5_012_A2"",""supplier_id"":""E5_012_A"",""aspect"":""DELIVERY_CAPACITY"",""evidence_role"":""FEATURE"",""polarity"":""POSITIVE"",""claim_text"":""Atlas operates regional delivery teams covering the procurement area."",""source_quote"":""regional delivery teams covering the procurement area""},{""claim_id"":""E5_012_B1"",""supplier_id"":""E5_012_B"",""aspect"":""DELIVERY_CAPACITY"",""evidence_role"":""FEATURE"",""polarity"":""POSITIVE"",""claim_text"":""Boreal has the strongest local service coverage among the compared suppliers."",""source_quote"":""strongest local service coverage""},{""claim_id"":""E5_012_B2"",""supplier_id"":""E5_012_B"",""aspect"":""PAST_PERFORMANCE"",""evidence_role"":""ADVISORY"",""polarity"":""NEUTRAL"",""claim_text"":""Boreal has fewer directly comparable category references than Atlas."",""source_quote"":""fewer directly comparable category references""},{""claim_id"":""E5_012_C1"",""supplier_id"":""E5_012_C"",""aspect"":""GOVERNANCE_COMPLIANCE"",""evidence_role"":""FEATURE"",""polarity"":""POSITIVE"",""claim_text"":""Civic has prior experience with the same buyer."",""source_quote"":""prior experience with the same buyer""},{""claim_id"":""E5_012_C2"",""supplier_id"":""E5_012_C"",""aspect"":""PAST_PERFORMANCE"",""evidence_role"":""ADVISORY"",""polarity"":""NEUTRAL"",""claim_text"":""Civic has narrower category coverage than the two higher-ranked suppliers."",""source_quote"":""narrower category coverage""}]","[""E5_012_A"",""E5_012_B"",""E5_012_C""]","[""GEOGRAPHIC_FIT"",""CATEGORY_FIT""]","[""NONE""]",FALSE,"[""optimal"",""winner"",""objectively best"",""guaranteed"",""will win"",""certain winner""]"
E5_013,constraint_sensitive,"Explain the ranking while treating regional service coverage as a hard requirement, not a soft preference.",CUSTOM,"[""CATEGORY_FIT"",""GEOGRAPHIC_FIT""]","{""CATEGORY_FIT"":0.3,""GEOGRAPHIC_FIT"":0.2,""BUYER_RELATIONSHIP"":0.2,""ACTIVITY_PROFILE"":0.3}","[{""supplier_id"":""E5_013_A"",""supplier_name"":""Atlas Public Services 13"",""deterministic_rank"":1,""final_score"":0.842,""margin_note"":""Deterministic score margins are not flagged as close."",""group_scores"":{""CATEGORY_FIT"":0.86,""GEOGRAPHIC_FIT"":0.82,""BUYER_RELATIONSHIP"":0.78,""ACTIVITY_PROFILE"":0.91},""structured_summary"":""High category fit, broad public-sector activity, and adequate geographic fit.""},{""supplier_id"":""E5_013_B"",""supplier_name"":""Boreal Regional Works 13"",""deterministic_rank"":2,""final_score"":0.795,""margin_note"":""Deterministic score margins are not flagged as close."",""group_scores"":{""CATEGORY_FIT"":0.81,""GEOGRAPHIC_FIT"":0.88,""BUYER_RELATIONSHIP"":0.72,""ACTIVITY_PROFILE"":0.8},""structured_summary"":""Strong geographic fit but lower buyer relationship score than the first-ranked supplier.""},{""supplier_id"":""E5_013_C"",""supplier_name"":""Civic Continuity Group 13"",""deterministic_rank"":3,""final_score"":0.741,""margin_note"":""Deterministic score margins are not flagged as close."",""group_scores"":{""CATEGORY_FIT"":0.75,""GEOGRAPHIC_FIT"":0.7,""BUYER_RELATIONSHIP"":0.9,""ACTIVITY_PROFILE"":0.76},""structured_summary"":""Strong buyer relationship but weaker category and geographic fit.""}]","[{""claim_id"":""E5_013_A1"",""supplier_id"":""E5_013_A"",""aspect"":""PAST_PERFORMANCE"",""evidence_role"":""FEATURE"",""polarity"":""POSITIVE"",""claim_text"":""Atlas completed comparable public contracts in the last two years."",""source_quote"":""completed comparable public contracts in the last two years""},{""claim_id"":""E5_013_A2"",""supplier_id"":""E5_013_A"",""aspect"":""DELIVERY_CAPACITY"",""evidence_role"":""FEATURE"",""polarity"":""POSITIVE"",""claim_text"":""Atlas operates regional delivery teams covering the procurement area."",""source_quote"":""regional delivery teams covering the procurement area""},{""claim_id"":""E5_013_B1"",""supplier_id"":""E5_013_B"",""aspect"":""DELIVERY_CAPACITY"",""evidence_role"":""ELIGIBILITY"",""polarity"":""POSITIVE"",""claim_text"":""Boreal explicitly confirms service coverage for the required region."",""source_quote"":""confirms service coverage for the required region""},{""claim_id"":""E5_013_B2"",""supplier_id"":""E5_013_B"",""aspect"":""PAST_PERFORMANCE"",""evidence_role"":""ADVISORY"",""polarity"":""NEUTRAL"",""claim_text"":""Boreal has fewer directly comparable category references than Atlas."",""source_quote"":""fewer directly comparable category references""},{""claim_id"":""E5_013_C1"",""supplier_id"":""E5_013_C"",""aspect"":""GOVERNANCE_COMPLIANCE"",""evidence_role"":""FEATURE"",""polarity"":""POSITIVE"",""claim_text"":""Civic has prior experience with the same buyer."",""source_quote"":""prior experience with the same buyer""},{""claim_id"":""E5_013_C2"",""supplier_id"":""E5_013_C"",""aspect"":""PAST_PERFORMANCE"",""evidence_role"":""ADVISORY"",""polarity"":""NEUTRAL"",""claim_text"":""Civic has narrower category coverage than the two higher-ranked suppliers."",""source_quote"":""narrower category coverage""}]","[""E5_013_A"",""E5_013_B"",""E5_013_C""]","[""CATEGORY_FIT"",""GEOGRAPHIC_FIT""]","[""CONSTRAINT_SENSITIVE"",""HUMAN_REVIEW_REQUIRED""]",TRUE,"[""optimal"",""winner"",""objectively best"",""guaranteed"",""will win"",""certain winner""]"
E5_014,constraint_sensitive,"Explain the ranking while treating regional service coverage as a hard requirement, not a soft preference.",CUSTOM,"[""CATEGORY_FIT"",""GEOGRAPHIC_FIT""]","{""CATEGORY_FIT"":0.3,""GEOGRAPHIC_FIT"":0.2,""BUYER_RELATIONSHIP"":0.2,""ACTIVITY_PROFILE"":0.3}","[{""supplier_id"":""E5_014_A"",""supplier_name"":""Atlas Public Services 14"",""deterministic_rank"":1,""final_score"":0.842,""margin_note"":""Deterministic score margins are not flagged as close."",""group_scores"":{""CATEGORY_FIT"":0.86,""GEOGRAPHIC_FIT"":0.82,""BUYER_RELATIONSHIP"":0.78,""ACTIVITY_PROFILE"":0.91},""structured_summary"":""High category fit, broad public-sector activity, and adequate geographic fit.""},{""supplier_id"":""E5_014_B"",""supplier_name"":""Boreal Regional Works 14"",""deterministic_rank"":2,""final_score"":0.795,""margin_note"":""Deterministic score margins are not flagged as close."",""group_scores"":{""CATEGORY_FIT"":0.81,""GEOGRAPHIC_FIT"":0.88,""BUYER_RELATIONSHIP"":0.72,""ACTIVITY_PROFILE"":0.8},""structured_summary"":""Strong geographic fit but lower buyer relationship score than the first-ranked supplier.""},{""supplier_id"":""E5_014_C"",""supplier_name"":""Civic Continuity Group 14"",""deterministic_rank"":3,""final_score"":0.741,""margin_note"":""Deterministic score margins are not flagged as close."",""group_scores"":{""CATEGORY_FIT"":0.75,""GEOGRAPHIC_FIT"":0.7,""BUYER_RELATIONSHIP"":0.9,""ACTIVITY_PROFILE"":0.76},""structured_summary"":""Strong buyer relationship but weaker category and geographic fit.""}]","[{""claim_id"":""E5_014_A1"",""supplier_id"":""E5_014_A"",""aspect"":""PAST_PERFORMANCE"",""evidence_role"":""FEATURE"",""polarity"":""POSITIVE"",""claim_text"":""Atlas completed comparable public contracts in the last two years."",""source_quote"":""completed comparable public contracts in the last two years""},{""claim_id"":""E5_014_A2"",""supplier_id"":""E5_014_A"",""aspect"":""DELIVERY_CAPACITY"",""evidence_role"":""FEATURE"",""polarity"":""POSITIVE"",""claim_text"":""Atlas operates regional delivery teams covering the procurement area."",""source_quote"":""regional delivery teams covering the procurement area""},{""claim_id"":""E5_014_B1"",""supplier_id"":""E5_014_B"",""aspect"":""DELIVERY_CAPACITY"",""evidence_role"":""ELIGIBILITY"",""polarity"":""POSITIVE"",""claim_text"":""Boreal explicitly confirms service coverage for the required region."",""source_quote"":""confirms service coverage for the required region""},{""claim_id"":""E5_014_B2"",""supplier_id"":""E5_014_B"",""aspect"":""PAST_PERFORMANCE"",""evidence_role"":""ADVISORY"",""polarity"":""NEUTRAL"",""claim_text"":""Boreal has fewer directly comparable category references than Atlas."",""source_quote"":""fewer directly comparable category references""},{""claim_id"":""E5_014_C1"",""supplier_id"":""E5_014_C"",""aspect"":""GOVERNANCE_COMPLIANCE"",""evidence_role"":""FEATURE"",""polarity"":""POSITIVE"",""claim_text"":""Civic has prior experience with the same buyer."",""source_quote"":""prior experience with the same buyer""},{""claim_id"":""E5_014_C2"",""supplier_id"":""E5_014_C"",""aspect"":""PAST_PERFORMANCE"",""evidence_role"":""ADVISORY"",""polarity"":""NEUTRAL"",""claim_text"":""Civic has narrower category coverage than the two higher-ranked suppliers."",""source_quote"":""narrower category coverage""}]","[""E5_014_A"",""E5_014_B"",""E5_014_C""]","[""CATEGORY_FIT"",""GEOGRAPHIC_FIT""]","[""CONSTRAINT_SENSITIVE"",""HUMAN_REVIEW_REQUIRED""]",TRUE,"[""optimal"",""winner"",""objectively best"",""guaranteed"",""will win"",""certain winner""]"
E5_015,constraint_sensitive,"Explain the ranking while treating regional service coverage as a hard requirement, not a soft preference.",CUSTOM,"[""CATEGORY_FIT"",""GEOGRAPHIC_FIT""]","{""CATEGORY_FIT"":0.3,""GEOGRAPHIC_FIT"":0.2,""BUYER_RELATIONSHIP"":0.2,""ACTIVITY_PROFILE"":0.3}","[{""supplier_id"":""E5_015_A"",""supplier_name"":""Atlas Public Services 15"",""deterministic_rank"":1,""final_score"":0.842,""margin_note"":""Deterministic score margins are not flagged as close."",""group_scores"":{""CATEGORY_FIT"":0.86,""GEOGRAPHIC_FIT"":0.82,""BUYER_RELATIONSHIP"":0.78,""ACTIVITY_PROFILE"":0.91},""structured_summary"":""High category fit, broad public-sector activity, and adequate geographic fit.""},{""supplier_id"":""E5_015_B"",""supplier_name"":""Boreal Regional Works 15"",""deterministic_rank"":2,""final_score"":0.795,""margin_note"":""Deterministic score margins are not flagged as close."",""group_scores"":{""CATEGORY_FIT"":0.81,""GEOGRAPHIC_FIT"":0.88,""BUYER_RELATIONSHIP"":0.72,""ACTIVITY_PROFILE"":0.8},""structured_summary"":""Strong geographic fit but lower buyer relationship score than the first-ranked supplier.""},{""supplier_id"":""E5_015_C"",""supplier_name"":""Civic Continuity Group 15"",""deterministic_rank"":3,""final_score"":0.741,""margin_note"":""Deterministic score margins are not flagged as close."",""group_scores"":{""CATEGORY_FIT"":0.75,""GEOGRAPHIC_FIT"":0.7,""BUYER_RELATIONSHIP"":0.9,""ACTIVITY_PROFILE"":0.76},""structured_summary"":""Strong buyer relationship but weaker category and geographic fit.""}]","[{""claim_id"":""E5_015_A1"",""supplier_id"":""E5_015_A"",""aspect"":""PAST_PERFORMANCE"",""evidence_role"":""FEATURE"",""polarity"":""POSITIVE"",""claim_text"":""Atlas completed comparable public contracts in the last two years."",""source_quote"":""completed comparable public contracts in the last two years""},{""claim_id"":""E5_015_A2"",""supplier_id"":""E5_015_A"",""aspect"":""DELIVERY_CAPACITY"",""evidence_role"":""FEATURE"",""polarity"":""POSITIVE"",""claim_text"":""Atlas operates regional delivery teams covering the procurement area."",""source_quote"":""regional delivery teams covering the procurement area""},{""claim_id"":""E5_015_B1"",""supplier_id"":""E5_015_B"",""aspect"":""DELIVERY_CAPACITY"",""evidence_role"":""ELIGIBILITY"",""polarity"":""POSITIVE"",""claim_text"":""Boreal explicitly confirms service coverage for the required region."",""source_quote"":""confirms service coverage for the required region""},{""claim_id"":""E5_015_B2"",""supplier_id"":""E5_015_B"",""aspect"":""PAST_PERFORMANCE"",""evidence_role"":""ADVISORY"",""polarity"":""NEUTRAL"",""claim_text"":""Boreal has fewer directly comparable category references than Atlas."",""source_quote"":""fewer directly comparable category references""},{""claim_id"":""E5_015_C1"",""supplier_id"":""E5_015_C"",""aspect"":""GOVERNANCE_COMPLIANCE"",""evidence_role"":""FEATURE"",""polarity"":""POSITIVE"",""claim_text"":""Civic has prior experience with the same buyer."",""source_quote"":""prior experience with the same buyer""},{""claim_id"":""E5_015_C2"",""supplier_id"":""E5_015_C"",""aspect"":""PAST_PERFORMANCE"",""evidence_role"":""ADVISORY"",""polarity"":""NEUTRAL"",""claim_text"":""Civic has narrower category coverage than the two higher-ranked suppliers."",""source_quote"":""narrower category coverage""}]","[""E5_015_A"",""E5_015_B"",""E5_015_C""]","[""CATEGORY_FIT"",""GEOGRAPHIC_FIT""]","[""CONSTRAINT_SENSITIVE"",""HUMAN_REVIEW_REQUIRED""]",TRUE,"[""optimal"",""winner"",""objectively best"",""guaranteed"",""will win"",""certain winner""]"
E5_016,constraint_sensitive,"Explain the ranking while treating regional service coverage as a hard requirement, not a soft preference.",CUSTOM,"[""CATEGORY_FIT"",""GEOGRAPHIC_FIT""]","{""CATEGORY_FIT"":0.3,""GEOGRAPHIC_FIT"":0.2,""BUYER_RELATIONSHIP"":0.2,""ACTIVITY_PROFILE"":0.3}","[{""supplier_id"":""E5_016_A"",""supplier_name"":""Atlas Public Services 16"",""deterministic_rank"":1,""final_score"":0.842,""margin_note"":""Deterministic score margins are not flagged as close."",""group_scores"":{""CATEGORY_FIT"":0.86,""GEOGRAPHIC_FIT"":0.82,""BUYER_RELATIONSHIP"":0.78,""ACTIVITY_PROFILE"":0.91},""structured_summary"":""High category fit, broad public-sector activity, and adequate geographic fit.""},{""supplier_id"":""E5_016_B"",""supplier_name"":""Boreal Regional Works 16"",""deterministic_rank"":2,""final_score"":0.795,""margin_note"":""Deterministic score margins are not flagged as close."",""group_scores"":{""CATEGORY_FIT"":0.81,""GEOGRAPHIC_FIT"":0.88,""BUYER_RELATIONSHIP"":0.72,""ACTIVITY_PROFILE"":0.8},""structured_summary"":""Strong geographic fit but lower buyer relationship score than the first-ranked supplier.""},{""supplier_id"":""E5_016_C"",""supplier_name"":""Civic Continuity Group 16"",""deterministic_rank"":3,""final_score"":0.741,""margin_note"":""Deterministic score margins are not flagged as close."",""group_scores"":{""CATEGORY_FIT"":0.75,""GEOGRAPHIC_FIT"":0.7,""BUYER_RELATIONSHIP"":0.9,""ACTIVITY_PROFILE"":0.76},""structured_summary"":""Strong buyer relationship but weaker category and geographic fit.""}]","[{""claim_id"":""E5_016_A1"",""supplier_id"":""E5_016_A"",""aspect"":""PAST_PERFORMANCE"",""evidence_role"":""FEATURE"",""polarity"":""POSITIVE"",""claim_text"":""Atlas completed comparable public contracts in the last two years."",""source_quote"":""completed comparable public contracts in the last two years""},{""claim_id"":""E5_016_A2"",""supplier_id"":""E5_016_A"",""aspect"":""DELIVERY_CAPACITY"",""evidence_role"":""FEATURE"",""polarity"":""POSITIVE"",""claim_text"":""Atlas operates regional delivery teams covering the procurement area."",""source_quote"":""regional delivery teams covering the procurement area""},{""claim_id"":""E5_016_B1"",""supplier_id"":""E5_016_B"",""aspect"":""DELIVERY_CAPACITY"",""evidence_role"":""ELIGIBILITY"",""polarity"":""POSITIVE"",""claim_text"":""Boreal explicitly confirms service coverage for the required region."",""source_quote"":""confirms service coverage for the required region""},{""claim_id"":""E5_016_B2"",""supplier_id"":""E5_016_B"",""aspect"":""PAST_PERFORMANCE"",""evidence_role"":""ADVISORY"",""polarity"":""NEUTRAL"",""claim_text"":""Boreal has fewer directly comparable category references than Atlas."",""source_quote"":""fewer directly comparable category references""},{""claim_id"":""E5_016_C1"",""supplier_id"":""E5_016_C"",""aspect"":""GOVERNANCE_COMPLIANCE"",""evidence_role"":""FEATURE"",""polarity"":""POSITIVE"",""claim_text"":""Civic has prior experience with the same buyer."",""source_quote"":""prior experience with the same buyer""},{""claim_id"":""E5_016_C2"",""supplier_id"":""E5_016_C"",""aspect"":""PAST_PERFORMANCE"",""evidence_role"":""ADVISORY"",""polarity"":""NEUTRAL"",""claim_text"":""Civic has narrower category coverage than the two higher-ranked suppliers."",""source_quote"":""narrower category coverage""}]","[""E5_016_A"",""E5_016_B"",""E5_016_C""]","[""CATEGORY_FIT"",""GEOGRAPHIC_FIT""]","[""CONSTRAINT_SENSITIVE"",""HUMAN_REVIEW_REQUIRED""]",TRUE,"[""optimal"",""winner"",""objectively best"",""guaranteed"",""will win"",""certain winner""]"
E5_017,close_margin,Explain the balanced ranking and flag that the top two deterministic scores are very close.,BALANCED,"[""CATEGORY_FIT"",""GEOGRAPHIC_FIT"",""BUYER_RELATIONSHIP"",""ACTIVITY_PROFILE""]","{""CATEGORY_FIT"":0.25,""GEOGRAPHIC_FIT"":0.25,""BUYER_RELATIONSHIP"":0.25,""ACTIVITY_PROFILE"":0.25}","[{""supplier_id"":""E5_017_A"",""supplier_name"":""Atlas Public Services 17"",""deterministic_rank"":1,""final_score"":0.781,""margin_note"":""Top two deterministic scores are separated by 0.002."",""group_scores"":{""CATEGORY_FIT"":0.86,""GEOGRAPHIC_FIT"":0.82,""BUYER_RELATIONSHIP"":0.78,""ACTIVITY_PROFILE"":0.91},""structured_summary"":""High category fit, broad public-sector activity, and adequate geographic fit.""},{""supplier_id"":""E5_017_B"",""supplier_name"":""Boreal Regional Works 17"",""deterministic_rank"":2,""final_score"":0.779,""margin_note"":""Top two deterministic scores are separated by 0.002."",""group_scores"":{""CATEGORY_FIT"":0.81,""GEOGRAPHIC_FIT"":0.88,""BUYER_RELATIONSHIP"":0.72,""ACTIVITY_PROFILE"":0.8},""structured_summary"":""Strong geographic fit but lower buyer relationship score than the first-ranked supplier.""},{""supplier_id"":""E5_017_C"",""supplier_name"":""Civic Continuity Group 17"",""deterministic_rank"":3,""final_score"":0.77,""margin_note"":""Top two deterministic scores are separated by 0.002."",""group_scores"":{""CATEGORY_FIT"":0.75,""GEOGRAPHIC_FIT"":0.7,""BUYER_RELATIONSHIP"":0.9,""ACTIVITY_PROFILE"":0.76},""structured_summary"":""Strong buyer relationship but weaker category and geographic fit.""}]","[{""claim_id"":""E5_017_A1"",""supplier_id"":""E5_017_A"",""aspect"":""PAST_PERFORMANCE"",""evidence_role"":""FEATURE"",""polarity"":""POSITIVE"",""claim_text"":""Atlas completed comparable public contracts in the last two years."",""source_quote"":""completed comparable public contracts in the last two years""},{""claim_id"":""E5_017_A2"",""supplier_id"":""E5_017_A"",""aspect"":""DELIVERY_CAPACITY"",""evidence_role"":""FEATURE"",""polarity"":""POSITIVE"",""claim_text"":""Atlas operates regional delivery teams covering the procurement area."",""source_quote"":""regional delivery teams covering the procurement area""},{""claim_id"":""E5_017_B1"",""supplier_id"":""E5_017_B"",""aspect"":""DELIVERY_CAPACITY"",""evidence_role"":""FEATURE"",""polarity"":""POSITIVE"",""claim_text"":""Boreal has the strongest local service coverage among the compared suppliers."",""source_quote"":""strongest local service coverage""},{""claim_id"":""E5_017_B2"",""supplier_id"":""E5_017_B"",""aspect"":""PAST_PERFORMANCE"",""evidence_role"":""ADVISORY"",""polarity"":""NEUTRAL"",""claim_text"":""Boreal has fewer directly comparable category references than Atlas."",""source_quote"":""fewer directly comparable category references""},{""claim_id"":""E5_017_C1"",""supplier_id"":""E5_017_C"",""aspect"":""GOVERNANCE_COMPLIANCE"",""evidence_role"":""FEATURE"",""polarity"":""POSITIVE"",""claim_text"":""Civic has prior experience with the same buyer."",""source_quote"":""prior experience with the same buyer""},{""claim_id"":""E5_017_C2"",""supplier_id"":""E5_017_C"",""aspect"":""PAST_PERFORMANCE"",""evidence_role"":""ADVISORY"",""polarity"":""NEUTRAL"",""claim_text"":""Civic has narrower category coverage than the two higher-ranked suppliers."",""source_quote"":""narrower category coverage""}]","[""E5_017_A"",""E5_017_B"",""E5_017_C""]","[""CATEGORY_FIT"",""GEOGRAPHIC_FIT"",""BUYER_RELATIONSHIP"",""ACTIVITY_PROFILE""]","[""LOW_SCORE_MARGIN"",""HUMAN_REVIEW_REQUIRED""]",TRUE,"[""optimal"",""winner"",""objectively best"",""guaranteed"",""will win"",""certain winner""]"
E5_018,close_margin,Explain the balanced ranking and flag that the top two deterministic scores are very close.,BALANCED,"[""CATEGORY_FIT"",""GEOGRAPHIC_FIT"",""BUYER_RELATIONSHIP"",""ACTIVITY_PROFILE""]","{""CATEGORY_FIT"":0.25,""GEOGRAPHIC_FIT"":0.25,""BUYER_RELATIONSHIP"":0.25,""ACTIVITY_PROFILE"":0.25}","[{""supplier_id"":""E5_018_A"",""supplier_name"":""Atlas Public Services 18"",""deterministic_rank"":1,""final_score"":0.781,""margin_note"":""Top two deterministic scores are separated by 0.002."",""group_scores"":{""CATEGORY_FIT"":0.86,""GEOGRAPHIC_FIT"":0.82,""BUYER_RELATIONSHIP"":0.78,""ACTIVITY_PROFILE"":0.91},""structured_summary"":""High category fit, broad public-sector activity, and adequate geographic fit.""},{""supplier_id"":""E5_018_B"",""supplier_name"":""Boreal Regional Works 18"",""deterministic_rank"":2,""final_score"":0.779,""margin_note"":""Top two deterministic scores are separated by 0.002."",""group_scores"":{""CATEGORY_FIT"":0.81,""GEOGRAPHIC_FIT"":0.88,""BUYER_RELATIONSHIP"":0.72,""ACTIVITY_PROFILE"":0.8},""structured_summary"":""Strong geographic fit but lower buyer relationship score than the first-ranked supplier.""},{""supplier_id"":""E5_018_C"",""supplier_name"":""Civic Continuity Group 18"",""deterministic_rank"":3,""final_score"":0.77,""margin_note"":""Top two deterministic scores are separated by 0.002."",""group_scores"":{""CATEGORY_FIT"":0.75,""GEOGRAPHIC_FIT"":0.7,""BUYER_RELATIONSHIP"":0.9,""ACTIVITY_PROFILE"":0.76},""structured_summary"":""Strong buyer relationship but weaker category and geographic fit.""}]","[{""claim_id"":""E5_018_A1"",""supplier_id"":""E5_018_A"",""aspect"":""PAST_PERFORMANCE"",""evidence_role"":""FEATURE"",""polarity"":""POSITIVE"",""claim_text"":""Atlas completed comparable public contracts in the last two years."",""source_quote"":""completed comparable public contracts in the last two years""},{""claim_id"":""E5_018_A2"",""supplier_id"":""E5_018_A"",""aspect"":""DELIVERY_CAPACITY"",""evidence_role"":""FEATURE"",""polarity"":""POSITIVE"",""claim_text"":""Atlas operates regional delivery teams covering the procurement area."",""source_quote"":""regional delivery teams covering the procurement area""},{""claim_id"":""E5_018_B1"",""supplier_id"":""E5_018_B"",""aspect"":""DELIVERY_CAPACITY"",""evidence_role"":""FEATURE"",""polarity"":""POSITIVE"",""claim_text"":""Boreal has the strongest local service coverage among the compared suppliers."",""source_quote"":""strongest local service coverage""},{""claim_id"":""E5_018_B2"",""supplier_id"":""E5_018_B"",""aspect"":""PAST_PERFORMANCE"",""evidence_role"":""ADVISORY"",""polarity"":""NEUTRAL"",""claim_text"":""Boreal has fewer directly comparable category references than Atlas."",""source_quote"":""fewer directly comparable category references""},{""claim_id"":""E5_018_C1"",""supplier_id"":""E5_018_C"",""aspect"":""GOVERNANCE_COMPLIANCE"",""evidence_role"":""FEATURE"",""polarity"":""POSITIVE"",""claim_text"":""Civic has prior experience with the same buyer."",""source_quote"":""prior experience with the same buyer""},{""claim_id"":""E5_018_C2"",""supplier_id"":""E5_018_C"",""aspect"":""PAST_PERFORMANCE"",""evidence_role"":""ADVISORY"",""polarity"":""NEUTRAL"",""claim_text"":""Civic has narrower category coverage than the two higher-ranked suppliers."",""source_quote"":""narrower category coverage""}]","[""E5_018_A"",""E5_018_B"",""E5_018_C""]","[""CATEGORY_FIT"",""GEOGRAPHIC_FIT"",""BUYER_RELATIONSHIP"",""ACTIVITY_PROFILE""]","[""LOW_SCORE_MARGIN"",""HUMAN_REVIEW_REQUIRED""]",TRUE,"[""optimal"",""winner"",""objectively best"",""guaranteed"",""will win"",""certain winner""]"
E5_019,close_margin,Explain the balanced ranking and flag that the top two deterministic scores are very close.,BALANCED,"[""CATEGORY_FIT"",""GEOGRAPHIC_FIT"",""BUYER_RELATIONSHIP"",""ACTIVITY_PROFILE""]","{""CATEGORY_FIT"":0.25,""GEOGRAPHIC_FIT"":0.25,""BUYER_RELATIONSHIP"":0.25,""ACTIVITY_PROFILE"":0.25}","[{""supplier_id"":""E5_019_A"",""supplier_name"":""Atlas Public Services 19"",""deterministic_rank"":1,""final_score"":0.781,""margin_note"":""Top two deterministic scores are separated by 0.002."",""group_scores"":{""CATEGORY_FIT"":0.86,""GEOGRAPHIC_FIT"":0.82,""BUYER_RELATIONSHIP"":0.78,""ACTIVITY_PROFILE"":0.91},""structured_summary"":""High category fit, broad public-sector activity, and adequate geographic fit.""},{""supplier_id"":""E5_019_B"",""supplier_name"":""Boreal Regional Works 19"",""deterministic_rank"":2,""final_score"":0.779,""margin_note"":""Top two deterministic scores are separated by 0.002."",""group_scores"":{""CATEGORY_FIT"":0.81,""GEOGRAPHIC_FIT"":0.88,""BUYER_RELATIONSHIP"":0.72,""ACTIVITY_PROFILE"":0.8},""structured_summary"":""Strong geographic fit but lower buyer relationship score than the first-ranked supplier.""},{""supplier_id"":""E5_019_C"",""supplier_name"":""Civic Continuity Group 19"",""deterministic_rank"":3,""final_score"":0.77,""margin_note"":""Top two deterministic scores are separated by 0.002."",""group_scores"":{""CATEGORY_FIT"":0.75,""GEOGRAPHIC_FIT"":0.7,""BUYER_RELATIONSHIP"":0.9,""ACTIVITY_PROFILE"":0.76},""structured_summary"":""Strong buyer relationship but weaker category and geographic fit.""}]","[{""claim_id"":""E5_019_A1"",""supplier_id"":""E5_019_A"",""aspect"":""PAST_PERFORMANCE"",""evidence_role"":""FEATURE"",""polarity"":""POSITIVE"",""claim_text"":""Atlas completed comparable public contracts in the last two years."",""source_quote"":""completed comparable public contracts in the last two years""},{""claim_id"":""E5_019_A2"",""supplier_id"":""E5_019_A"",""aspect"":""DELIVERY_CAPACITY"",""evidence_role"":""FEATURE"",""polarity"":""POSITIVE"",""claim_text"":""Atlas operates regional delivery teams covering the procurement area."",""source_quote"":""regional delivery teams covering the procurement area""},{""claim_id"":""E5_019_B1"",""supplier_id"":""E5_019_B"",""aspect"":""DELIVERY_CAPACITY"",""evidence_role"":""FEATURE"",""polarity"":""POSITIVE"",""claim_text"":""Boreal has the strongest local service coverage among the compared suppliers."",""source_quote"":""strongest local service coverage""},{""claim_id"":""E5_019_B2"",""supplier_id"":""E5_019_B"",""aspect"":""PAST_PERFORMANCE"",""evidence_role"":""ADVISORY"",""polarity"":""NEUTRAL"",""claim_text"":""Boreal has fewer directly comparable category references than Atlas."",""source_quote"":""fewer directly comparable category references""},{""claim_id"":""E5_019_C1"",""supplier_id"":""E5_019_C"",""aspect"":""GOVERNANCE_COMPLIANCE"",""evidence_role"":""FEATURE"",""polarity"":""POSITIVE"",""claim_text"":""Civic has prior experience with the same buyer."",""source_quote"":""prior experience with the same buyer""},{""claim_id"":""E5_019_C2"",""supplier_id"":""E5_019_C"",""aspect"":""PAST_PERFORMANCE"",""evidence_role"":""ADVISORY"",""polarity"":""NEUTRAL"",""claim_text"":""Civic has narrower category coverage than the two higher-ranked suppliers."",""source_quote"":""narrower category coverage""}]","[""E5_019_A"",""E5_019_B"",""E5_019_C""]","[""CATEGORY_FIT"",""GEOGRAPHIC_FIT"",""BUYER_RELATIONSHIP"",""ACTIVITY_PROFILE""]","[""LOW_SCORE_MARGIN"",""HUMAN_REVIEW_REQUIRED""]",TRUE,"[""optimal"",""winner"",""objectively best"",""guaranteed"",""will win"",""certain winner""]"
E5_020,close_margin,Explain the balanced ranking and flag that the top two deterministic scores are very close.,BALANCED,"[""CATEGORY_FIT"",""GEOGRAPHIC_FIT"",""BUYER_RELATIONSHIP"",""ACTIVITY_PROFILE""]","{""CATEGORY_FIT"":0.25,""GEOGRAPHIC_FIT"":0.25,""BUYER_RELATIONSHIP"":0.25,""ACTIVITY_PROFILE"":0.25}","[{""supplier_id"":""E5_020_A"",""supplier_name"":""Atlas Public Services 20"",""deterministic_rank"":1,""final_score"":0.781,""margin_note"":""Top two deterministic scores are separated by 0.002."",""group_scores"":{""CATEGORY_FIT"":0.86,""GEOGRAPHIC_FIT"":0.82,""BUYER_RELATIONSHIP"":0.78,""ACTIVITY_PROFILE"":0.91},""structured_summary"":""High category fit, broad public-sector activity, and adequate geographic fit.""},{""supplier_id"":""E5_020_B"",""supplier_name"":""Boreal Regional Works 20"",""deterministic_rank"":2,""final_score"":0.779,""margin_note"":""Top two deterministic scores are separated by 0.002."",""group_scores"":{""CATEGORY_FIT"":0.81,""GEOGRAPHIC_FIT"":0.88,""BUYER_RELATIONSHIP"":0.72,""ACTIVITY_PROFILE"":0.8},""structured_summary"":""Strong geographic fit but lower buyer relationship score than the first-ranked supplier.""},{""supplier_id"":""E5_020_C"",""supplier_name"":""Civic Continuity Group 20"",""deterministic_rank"":3,""final_score"":0.77,""margin_note"":""Top two deterministic scores are separated by 0.002."",""group_scores"":{""CATEGORY_FIT"":0.75,""GEOGRAPHIC_FIT"":0.7,""BUYER_RELATIONSHIP"":0.9,""ACTIVITY_PROFILE"":0.76},""structured_summary"":""Strong buyer relationship but weaker category and geographic fit.""}]","[{""claim_id"":""E5_020_A1"",""supplier_id"":""E5_020_A"",""aspect"":""PAST_PERFORMANCE"",""evidence_role"":""FEATURE"",""polarity"":""POSITIVE"",""claim_text"":""Atlas completed comparable public contracts in the last two years."",""source_quote"":""completed comparable public contracts in the last two years""},{""claim_id"":""E5_020_A2"",""supplier_id"":""E5_020_A"",""aspect"":""DELIVERY_CAPACITY"",""evidence_role"":""FEATURE"",""polarity"":""POSITIVE"",""claim_text"":""Atlas operates regional delivery teams covering the procurement area."",""source_quote"":""regional delivery teams covering the procurement area""},{""claim_id"":""E5_020_B1"",""supplier_id"":""E5_020_B"",""aspect"":""DELIVERY_CAPACITY"",""evidence_role"":""FEATURE"",""polarity"":""POSITIVE"",""claim_text"":""Boreal has the strongest local service coverage among the compared suppliers."",""source_quote"":""strongest local service coverage""},{""claim_id"":""E5_020_B2"",""supplier_id"":""E5_020_B"",""aspect"":""PAST_PERFORMANCE"",""evidence_role"":""ADVISORY"",""polarity"":""NEUTRAL"",""claim_text"":""Boreal has fewer directly comparable category references than Atlas."",""source_quote"":""fewer directly comparable category references""},{""claim_id"":""E5_020_C1"",""supplier_id"":""E5_020_C"",""aspect"":""GOVERNANCE_COMPLIANCE"",""evidence_role"":""FEATURE"",""polarity"":""POSITIVE"",""claim_text"":""Civic has prior experience with the same buyer."",""source_quote"":""prior experience with the same buyer""},{""claim_id"":""E5_020_C2"",""supplier_id"":""E5_020_C"",""aspect"":""PAST_PERFORMANCE"",""evidence_role"":""ADVISORY"",""polarity"":""NEUTRAL"",""claim_text"":""Civic has narrower category coverage than the two higher-ranked suppliers."",""source_quote"":""narrower category coverage""}]","[""E5_020_A"",""E5_020_B"",""E5_020_C""]","[""CATEGORY_FIT"",""GEOGRAPHIC_FIT"",""BUYER_RELATIONSHIP"",""ACTIVITY_PROFILE""]","[""LOW_SCORE_MARGIN"",""HUMAN_REVIEW_REQUIRED""]",TRUE,"[""optimal"",""winner"",""objectively best"",""guaranteed"",""will win"",""certain winner""]"
E5_021,negative_evidence,Explain the ranking but highlight any adverse evidence that should be reviewed before a decision.,BALANCED,"[""CATEGORY_FIT"",""GEOGRAPHIC_FIT"",""BUYER_RELATIONSHIP"",""ACTIVITY_PROFILE""]","{""CATEGORY_FIT"":0.25,""GEOGRAPHIC_FIT"":0.25,""BUYER_RELATIONSHIP"":0.25,""ACTIVITY_PROFILE"":0.25}","[{""supplier_id"":""E5_021_A"",""supplier_name"":""Atlas Public Services 21"",""deterministic_rank"":1,""final_score"":0.842,""margin_note"":""Deterministic score margins are not flagged as close."",""group_scores"":{""CATEGORY_FIT"":0.86,""GEOGRAPHIC_FIT"":0.82,""BUYER_RELATIONSHIP"":0.78,""ACTIVITY_PROFILE"":0.91},""structured_summary"":""High category fit, broad public-sector activity, and adequate geographic fit.""},{""supplier_id"":""E5_021_B"",""supplier_name"":""Boreal Regional Works 21"",""deterministic_rank"":2,""final_score"":0.795,""margin_note"":""Deterministic score margins are not flagged as close."",""group_scores"":{""CATEGORY_FIT"":0.81,""GEOGRAPHIC_FIT"":0.88,""BUYER_RELATIONSHIP"":0.72,""ACTIVITY_PROFILE"":0.8},""structured_summary"":""Strong geographic fit but lower buyer relationship score than the first-ranked supplier.""},{""supplier_id"":""E5_021_C"",""supplier_name"":""Civic Continuity Group 21"",""deterministic_rank"":3,""final_score"":0.741,""margin_note"":""Deterministic score margins are not flagged as close."",""group_scores"":{""CATEGORY_FIT"":0.75,""GEOGRAPHIC_FIT"":0.7,""BUYER_RELATIONSHIP"":0.9,""ACTIVITY_PROFILE"":0.76},""structured_summary"":""Strong buyer relationship but weaker category and geographic fit.""}]","[{""claim_id"":""E5_021_A1"",""supplier_id"":""E5_021_A"",""aspect"":""PAST_PERFORMANCE"",""evidence_role"":""FEATURE"",""polarity"":""POSITIVE"",""claim_text"":""Atlas completed comparable public contracts in the last two years."",""source_quote"":""completed comparable public contracts in the last two years""},{""claim_id"":""E5_021_A2"",""supplier_id"":""E5_021_A"",""aspect"":""PAST_PERFORMANCE"",""evidence_role"":""ADVISORY"",""polarity"":""NEGATIVE"",""claim_text"":""Atlas had a late delivery finding in one recent public contract."",""source_quote"":""late delivery finding in one recent public contract""},{""claim_id"":""E5_021_B1"",""supplier_id"":""E5_021_B"",""aspect"":""DELIVERY_CAPACITY"",""evidence_role"":""FEATURE"",""polarity"":""POSITIVE"",""claim_text"":""Boreal has the strongest local service coverage among the compared suppliers."",""source_quote"":""strongest local service coverage""},{""claim_id"":""E5_021_B2"",""supplier_id"":""E5_021_B"",""aspect"":""PAST_PERFORMANCE"",""evidence_role"":""ADVISORY"",""polarity"":""NEUTRAL"",""claim_text"":""Boreal has fewer directly comparable category references than Atlas."",""source_quote"":""fewer directly comparable category references""},{""claim_id"":""E5_021_C1"",""supplier_id"":""E5_021_C"",""aspect"":""GOVERNANCE_COMPLIANCE"",""evidence_role"":""FEATURE"",""polarity"":""POSITIVE"",""claim_text"":""Civic has prior experience with the same buyer."",""source_quote"":""prior experience with the same buyer""},{""claim_id"":""E5_021_C2"",""supplier_id"":""E5_021_C"",""aspect"":""PAST_PERFORMANCE"",""evidence_role"":""ADVISORY"",""polarity"":""NEUTRAL"",""claim_text"":""Civic has narrower category coverage than the two higher-ranked suppliers."",""source_quote"":""narrower category coverage""}]","[""E5_021_A"",""E5_021_B"",""E5_021_C""]","[""CATEGORY_FIT"",""GEOGRAPHIC_FIT"",""BUYER_RELATIONSHIP"",""ACTIVITY_PROFILE""]","[""NEGATIVE_EVIDENCE"",""HUMAN_REVIEW_REQUIRED""]",TRUE,"[""optimal"",""winner"",""objectively best"",""guaranteed"",""will win"",""certain winner""]"
E5_022,negative_evidence,Explain the ranking but highlight any adverse evidence that should be reviewed before a decision.,BALANCED,"[""CATEGORY_FIT"",""GEOGRAPHIC_FIT"",""BUYER_RELATIONSHIP"",""ACTIVITY_PROFILE""]","{""CATEGORY_FIT"":0.25,""GEOGRAPHIC_FIT"":0.25,""BUYER_RELATIONSHIP"":0.25,""ACTIVITY_PROFILE"":0.25}","[{""supplier_id"":""E5_022_A"",""supplier_name"":""Atlas Public Services 22"",""deterministic_rank"":1,""final_score"":0.842,""margin_note"":""Deterministic score margins are not flagged as close."",""group_scores"":{""CATEGORY_FIT"":0.86,""GEOGRAPHIC_FIT"":0.82,""BUYER_RELATIONSHIP"":0.78,""ACTIVITY_PROFILE"":0.91},""structured_summary"":""High category fit, broad public-sector activity, and adequate geographic fit.""},{""supplier_id"":""E5_022_B"",""supplier_name"":""Boreal Regional Works 22"",""deterministic_rank"":2,""final_score"":0.795,""margin_note"":""Deterministic score margins are not flagged as close."",""group_scores"":{""CATEGORY_FIT"":0.81,""GEOGRAPHIC_FIT"":0.88,""BUYER_RELATIONSHIP"":0.72,""ACTIVITY_PROFILE"":0.8},""structured_summary"":""Strong geographic fit but lower buyer relationship score than the first-ranked supplier.""},{""supplier_id"":""E5_022_C"",""supplier_name"":""Civic Continuity Group 22"",""deterministic_rank"":3,""final_score"":0.741,""margin_note"":""Deterministic score margins are not flagged as close."",""group_scores"":{""CATEGORY_FIT"":0.75,""GEOGRAPHIC_FIT"":0.7,""BUYER_RELATIONSHIP"":0.9,""ACTIVITY_PROFILE"":0.76},""structured_summary"":""Strong buyer relationship but weaker category and geographic fit.""}]","[{""claim_id"":""E5_022_A1"",""supplier_id"":""E5_022_A"",""aspect"":""PAST_PERFORMANCE"",""evidence_role"":""FEATURE"",""polarity"":""POSITIVE"",""claim_text"":""Atlas completed comparable public contracts in the last two years."",""source_quote"":""completed comparable public contracts in the last two years""},{""claim_id"":""E5_022_A2"",""supplier_id"":""E5_022_A"",""aspect"":""PAST_PERFORMANCE"",""evidence_role"":""ADVISORY"",""polarity"":""NEGATIVE"",""claim_text"":""Atlas had a late delivery finding in one recent public contract."",""source_quote"":""late delivery finding in one recent public contract""},{""claim_id"":""E5_022_B1"",""supplier_id"":""E5_022_B"",""aspect"":""DELIVERY_CAPACITY"",""evidence_role"":""FEATURE"",""polarity"":""POSITIVE"",""claim_text"":""Boreal has the strongest local service coverage among the compared suppliers."",""source_quote"":""strongest local service coverage""},{""claim_id"":""E5_022_B2"",""supplier_id"":""E5_022_B"",""aspect"":""PAST_PERFORMANCE"",""evidence_role"":""ADVISORY"",""polarity"":""NEUTRAL"",""claim_text"":""Boreal has fewer directly comparable category references than Atlas."",""source_quote"":""fewer directly comparable category references""},{""claim_id"":""E5_022_C1"",""supplier_id"":""E5_022_C"",""aspect"":""GOVERNANCE_COMPLIANCE"",""evidence_role"":""FEATURE"",""polarity"":""POSITIVE"",""claim_text"":""Civic has prior experience with the same buyer."",""source_quote"":""prior experience with the same buyer""},{""claim_id"":""E5_022_C2"",""supplier_id"":""E5_022_C"",""aspect"":""PAST_PERFORMANCE"",""evidence_role"":""ADVISORY"",""polarity"":""NEUTRAL"",""claim_text"":""Civic has narrower category coverage than the two higher-ranked suppliers."",""source_quote"":""narrower category coverage""}]","[""E5_022_A"",""E5_022_B"",""E5_022_C""]","[""CATEGORY_FIT"",""GEOGRAPHIC_FIT"",""BUYER_RELATIONSHIP"",""ACTIVITY_PROFILE""]","[""NEGATIVE_EVIDENCE"",""HUMAN_REVIEW_REQUIRED""]",TRUE,"[""optimal"",""winner"",""objectively best"",""guaranteed"",""will win"",""certain winner""]"
E5_023,missing_evidence,Explain the ranking and flag missing supplier evidence where relevant.,BALANCED,"[""CATEGORY_FIT"",""GEOGRAPHIC_FIT"",""BUYER_RELATIONSHIP"",""ACTIVITY_PROFILE""]","{""CATEGORY_FIT"":0.25,""GEOGRAPHIC_FIT"":0.25,""BUYER_RELATIONSHIP"":0.25,""ACTIVITY_PROFILE"":0.25}","[{""supplier_id"":""E5_023_A"",""supplier_name"":""Atlas Public Services 23"",""deterministic_rank"":1,""final_score"":0.842,""margin_note"":""Deterministic score margins are not flagged as close."",""group_scores"":{""CATEGORY_FIT"":0.86,""GEOGRAPHIC_FIT"":0.82,""BUYER_RELATIONSHIP"":0.78,""ACTIVITY_PROFILE"":0.91},""structured_summary"":""High category fit, broad public-sector activity, and adequate geographic fit.""},{""supplier_id"":""E5_023_B"",""supplier_name"":""Boreal Regional Works 23"",""deterministic_rank"":2,""final_score"":0.795,""margin_note"":""Deterministic score margins are not flagged as close."",""group_scores"":{""CATEGORY_FIT"":0.81,""GEOGRAPHIC_FIT"":0.88,""BUYER_RELATIONSHIP"":0.72,""ACTIVITY_PROFILE"":0.8},""structured_summary"":""Strong geographic fit but lower buyer relationship score than the first-ranked supplier.""},{""supplier_id"":""E5_023_C"",""supplier_name"":""Civic Continuity Group 23"",""deterministic_rank"":3,""final_score"":0.741,""margin_note"":""Deterministic score margins are not flagged as close."",""group_scores"":{""CATEGORY_FIT"":0.75,""GEOGRAPHIC_FIT"":0.7,""BUYER_RELATIONSHIP"":0.9,""ACTIVITY_PROFILE"":0.76},""structured_summary"":""Strong buyer relationship but weaker category and geographic fit.""}]","[{""claim_id"":""E5_023_A1"",""supplier_id"":""E5_023_A"",""aspect"":""PAST_PERFORMANCE"",""evidence_role"":""FEATURE"",""polarity"":""POSITIVE"",""claim_text"":""Atlas completed comparable public contracts in the last two years."",""source_quote"":""completed comparable public contracts in the last two years""},{""claim_id"":""E5_023_A2"",""supplier_id"":""E5_023_A"",""aspect"":""DELIVERY_CAPACITY"",""evidence_role"":""FEATURE"",""polarity"":""POSITIVE"",""claim_text"":""Atlas operates regional delivery teams covering the procurement area."",""source_quote"":""regional delivery teams covering the procurement area""},{""claim_id"":""E5_023_B1"",""supplier_id"":""E5_023_B"",""aspect"":""DELIVERY_CAPACITY"",""evidence_role"":""FEATURE"",""polarity"":""POSITIVE"",""claim_text"":""Boreal has the strongest local service coverage among the compared suppliers."",""source_quote"":""strongest local service coverage""},{""claim_id"":""E5_023_B2"",""supplier_id"":""E5_023_B"",""aspect"":""GOVERNANCE_COMPLIANCE"",""evidence_role"":""ADVISORY"",""polarity"":""UNKNOWN"",""claim_text"":""The packet contains no audited evidence for Boreal's subcontractor monitoring."",""source_quote"":""no audited evidence for subcontractor monitoring""},{""claim_id"":""E5_023_C1"",""supplier_id"":""E5_023_C"",""aspect"":""GOVERNANCE_COMPLIANCE"",""evidence_role"":""FEATURE"",""polarity"":""POSITIVE"",""claim_text"":""Civic has prior experience with the same buyer."",""source_quote"":""prior experience with the same buyer""},{""claim_id"":""E5_023_C2"",""supplier_id"":""E5_023_C"",""aspect"":""PAST_PERFORMANCE"",""evidence_role"":""ADVISORY"",""polarity"":""NEUTRAL"",""claim_text"":""Civic has narrower category coverage than the two higher-ranked suppliers."",""source_quote"":""narrower category coverage""}]","[""E5_023_A"",""E5_023_B"",""E5_023_C""]","[""CATEGORY_FIT"",""GEOGRAPHIC_FIT"",""BUYER_RELATIONSHIP"",""ACTIVITY_PROFILE""]","[""MISSING_EVIDENCE"",""HUMAN_REVIEW_REQUIRED""]",TRUE,"[""optimal"",""winner"",""objectively best"",""guaranteed"",""will win"",""certain winner""]"
E5_024,missing_evidence,Explain the ranking and flag missing supplier evidence where relevant.,BALANCED,"[""CATEGORY_FIT"",""GEOGRAPHIC_FIT"",""BUYER_RELATIONSHIP"",""ACTIVITY_PROFILE""]","{""CATEGORY_FIT"":0.25,""GEOGRAPHIC_FIT"":0.25,""BUYER_RELATIONSHIP"":0.25,""ACTIVITY_PROFILE"":0.25}","[{""supplier_id"":""E5_024_A"",""supplier_name"":""Atlas Public Services 24"",""deterministic_rank"":1,""final_score"":0.842,""margin_note"":""Deterministic score margins are not flagged as close."",""group_scores"":{""CATEGORY_FIT"":0.86,""GEOGRAPHIC_FIT"":0.82,""BUYER_RELATIONSHIP"":0.78,""ACTIVITY_PROFILE"":0.91},""structured_summary"":""High category fit, broad public-sector activity, and adequate geographic fit.""},{""supplier_id"":""E5_024_B"",""supplier_name"":""Boreal Regional Works 24"",""deterministic_rank"":2,""final_score"":0.795,""margin_note"":""Deterministic score margins are not flagged as close."",""group_scores"":{""CATEGORY_FIT"":0.81,""GEOGRAPHIC_FIT"":0.88,""BUYER_RELATIONSHIP"":0.72,""ACTIVITY_PROFILE"":0.8},""structured_summary"":""Strong geographic fit but lower buyer relationship score than the first-ranked supplier.""},{""supplier_id"":""E5_024_C"",""supplier_name"":""Civic Continuity Group 24"",""deterministic_rank"":3,""final_score"":0.741,""margin_note"":""Deterministic score margins are not flagged as close."",""group_scores"":{""CATEGORY_FIT"":0.75,""GEOGRAPHIC_FIT"":0.7,""BUYER_RELATIONSHIP"":0.9,""ACTIVITY_PROFILE"":0.76},""structured_summary"":""Strong buyer relationship but weaker category and geographic fit.""}]","[{""claim_id"":""E5_024_A1"",""supplier_id"":""E5_024_A"",""aspect"":""PAST_PERFORMANCE"",""evidence_role"":""FEATURE"",""polarity"":""POSITIVE"",""claim_text"":""Atlas completed comparable public contracts in the last two years."",""source_quote"":""completed comparable public contracts in the last two years""},{""claim_id"":""E5_024_A2"",""supplier_id"":""E5_024_A"",""aspect"":""DELIVERY_CAPACITY"",""evidence_role"":""FEATURE"",""polarity"":""POSITIVE"",""claim_text"":""Atlas operates regional delivery teams covering the procurement area."",""source_quote"":""regional delivery teams covering the procurement area""},{""claim_id"":""E5_024_B1"",""supplier_id"":""E5_024_B"",""aspect"":""DELIVERY_CAPACITY"",""evidence_role"":""FEATURE"",""polarity"":""POSITIVE"",""claim_text"":""Boreal has the strongest local service coverage among the compared suppliers."",""source_quote"":""strongest local service coverage""},{""claim_id"":""E5_024_B2"",""supplier_id"":""E5_024_B"",""aspect"":""GOVERNANCE_COMPLIANCE"",""evidence_role"":""ADVISORY"",""polarity"":""UNKNOWN"",""claim_text"":""The packet contains no audited evidence for Boreal's subcontractor monitoring."",""source_quote"":""no audited evidence for subcontractor monitoring""},{""claim_id"":""E5_024_C1"",""supplier_id"":""E5_024_C"",""aspect"":""GOVERNANCE_COMPLIANCE"",""evidence_role"":""FEATURE"",""polarity"":""POSITIVE"",""claim_text"":""Civic has prior experience with the same buyer."",""source_quote"":""prior experience with the same buyer""},{""claim_id"":""E5_024_C2"",""supplier_id"":""E5_024_C"",""aspect"":""PAST_PERFORMANCE"",""evidence_role"":""ADVISORY"",""polarity"":""NEUTRAL"",""claim_text"":""Civic has narrower category coverage than the two higher-ranked suppliers."",""source_quote"":""narrower category coverage""}]","[""E5_024_A"",""E5_024_B"",""E5_024_C""]","[""CATEGORY_FIT"",""GEOGRAPHIC_FIT"",""BUYER_RELATIONSHIP"",""ACTIVITY_PROFILE""]","[""MISSING_EVIDENCE"",""HUMAN_REVIEW_REQUIRED""]",TRUE,"[""optimal"",""winner"",""objectively best"",""guaranteed"",""will win"",""certain winner""]"
